caller_id,receiver_id,caller_phone,receiver_phone,timestamp,duration_sec,call_type
P032,P016,+91-90000-10032,+91-90000-10016,2026-07-23 22:26:00,174,voice
P008,P006,+91-90000-10008,+91-90000-10006,2026-06-02 07:29:00,677,voice
P019,P005,+91-90000-10019,+91-90000-10005,2026-07-14 18:21:00,502,voice
P007,P006,+91-90000-10007,+91-90000-10006,2026-08-12 15:31:00,688,voice
P005,P002,+91-90000-10005,+91-90000-10002,2026-08-05 03:01:00,266,voice
P002,P003,+91-90000-10002,+91-90000-10003,2026-08-21 06:49:00,41,voice
P003,P005,+91-90000-10003,+91-90000-10005,2026-08-08 16:33:00,117,voice
P006,P004,+91-90000-10006,+91-90000-10004,2026-07-20 07:44:00,269,voice
P001,P013,+91-90000-10001,+91-90000-10013,2026-06-08 21:02:00,353,voice
P001,P005,+91-90000-10001,+91-90000-10005,2026-07-16 23:02:00,86,voice
P010,P007,+91-90000-10010,+91-90000-10007,2026-07-15 01:10:00,594,voice
P007,P009,+91-90000-10007,+91-90000-10009,2026-06-07 10:27:00,33,voice
P008,P007,+91-90000-10008,+91-90000-10007,2026-07-08 05:41:00,377,voice
P004,P006,+91-90000-10004,+91-90000-10006,2026-07-12 10:04:00,769,voice
P006,P007,+91-90000-10006,+91-90000-10007,2026-06-20 09:56:00,141,voice
P004,P003,+91-90000-10004,+91-90000-10003,2026-08-24 10:29:00,181,voice
P010,P009,+91-90000-10010,+91-90000-10009,2026-06-06 07:47:00,193,voice
P001,P006,+91-90000-10001,+91-90000-10006,2026-08-15 01:50:00,442,voice
P050,P038,+91-90000-10050,+91-90000-10038,2026-07-23 20:32:00,175,voice
P001,P005,+91-90000-10001,+91-90000-10005,2026-07-21 13:34:00,308,voice
P005,P037,+91-90000-10005,+91-90000-10037,2026-08-19 18:36:00,656,voice
P004,P006,+91-90000-10004,+91-90000-10006,2026-08-16 06:38:00,173,voice
P002,P001,+91-90000-10002,+91-90000-10001,2026-06-27 14:43:00,370,voice
P009,P010,+91-90000-10009,+91-90000-10010,2026-06-22 12:06:00,775,voice
P006,P010,+91-90000-10006,+91-90000-10010,2026-06-20 16:04:00,810,voice
P007,P006,+91-90000-10007,+91-90000-10006,2026-06-06 01:40:00,612,voice
P003,P002,+91-90000-10003,+91-90000-10002,2026-08-19 21:13:00,225,voice
P008,P006,+91-90000-10008,+91-90000-10006,2026-07-05 11:39:00,353,voice
P006,P010,+91-90000-10006,+91-90000-10010,2026-08-08 14:30:00,503,voice
P003,P004,+91-90000-10003,+91-90000-10004,2026-07-01 05:33:00,356,voice
P007,P010,+91-90000-10007,+91-90000-10010,2026-06-26 15:48:00,378,voice
P001,P031,+91-90000-10001,+91-90000-10031,2026-06-19 22:53:00,220,voice
P003,P012,+91-90000-10003,+91-90000-10012,2026-07-26 22:15:00,847,voice
P008,P009,+91-90000-10008,+91-90000-10009,2026-08-19 23:32:00,705,voice
P002,P003,+91-90000-10002,+91-90000-10003,2026-06-04 21:04:00,686,voice
P006,P009,+91-90000-10006,+91-90000-10009,2026-08-22 20:12:00,665,voice
P010,P008,+91-90000-10010,+91-90000-10008,2026-06-27 21:45:00,394,voice
P045,P001,+91-90000-10045,+91-90000-10001,2026-06-23 08:11:00,828,voice
P012,P050,+91-90000-10012,+91-90000-10050,2026-06-26 13:29:00,80,voice
P025,P028,+91-90000-10025,+91-90000-10028,2026-06-10 02:31:00,538,voice
P006,P003,+91-90000-10006,+91-90000-10003,2026-07-09 03:42:00,403,voice
P042,P012,+91-90000-10042,+91-90000-10012,2026-07-15 23:37:00,416,voice
P007,P020,+91-90000-10007,+91-90000-10020,2026-06-25 07:01:00,144,voice
P002,P035,+91-90000-10002,+91-90000-10035,2026-07-08 14:05:00,620,voice
P009,P006,+91-90000-10009,+91-90000-10006,2026-08-03 16:51:00,895,voice
P030,P004,+91-90000-10030,+91-90000-10004,2026-06-14 19:19:00,47,voice
P039,P015,+91-90000-10039,+91-90000-10015,2026-08-14 09:06:00,162,voice
P027,P042,+91-90000-10027,+91-90000-10042,2026-08-24 08:50:00,388,voice
P008,P006,+91-90000-10008,+91-90000-10006,2026-07-25 02:44:00,306,voice
P003,P006,+91-90000-10003,+91-90000-10006,2026-07-04 22:44:00,166,voice
P009,P010,+91-90000-10009,+91-90000-10010,2026-07-09 18:06:00,343,voice
P004,P003,+91-90000-10004,+91-90000-10003,2026-08-23 03:24:00,394,voice
P001,P002,+91-90000-10001,+91-90000-10002,2026-07-18 07:58:00,745,voice
P010,P006,+91-90000-10010,+91-90000-10006,2026-07-21 10:24:00,788,voice
P043,P039,+91-90000-10043,+91-90000-10039,2026-06-13 03:32:00,212,voice
P048,P032,+91-90000-10048,+91-90000-10032,2026-06-14 00:08:00,110,voice
P008,P009,+91-90000-10008,+91-90000-10009,2026-07-13 03:39:00,492,voice
P008,P009,+91-90000-10008,+91-90000-10009,2026-06-25 11:03:00,710,voice
P005,P004,+91-90000-10005,+91-90000-10004,2026-08-04 12:54:00,605,voice
P033,P035,+91-90000-10033,+91-90000-10035,2026-08-07 23:46:00,767,voice
P032,P039,+91-90000-10032,+91-90000-10039,2026-06-27 12:02:00,329,voice
P017,P050,+91-90000-10017,+91-90000-10050,2026-06-23 21:39:00,778,voice
P002,P004,+91-90000-10002,+91-90000-10004,2026-08-27 19:08:00,720,voice
P004,P003,+91-90000-10004,+91-90000-10003,2026-07-12 22:15:00,97,voice
P009,P008,+91-90000-10009,+91-90000-10008,2026-08-09 22:01:00,357,voice
P007,P006,+91-90000-10007,+91-90000-10006,2026-06-21 18:16:00,230,voice
P014,P009,+91-90000-10014,+91-90000-10009,2026-07-24 19:00:00,873,voice
P031,P020,+91-90000-10031,+91-90000-10020,2026-08-13 22:09:00,66,voice
P006,P008,+91-90000-10006,+91-90000-10008,2026-06-25 08:42:00,635,voice
P003,P005,+91-90000-10003,+91-90000-10005,2026-07-09 15:35:00,817,voice
P050,P038,+91-90000-10050,+91-90000-10038,2026-07-23 15:11:00,121,voice
P001,P004,+91-90000-10001,+91-90000-10004,2026-06-08 16:28:00,441,voice
P005,P002,+91-90000-10005,+91-90000-10002,2026-08-08 06:42:00,206,voice
P001,P003,+91-90000-10001,+91-90000-10003,2026-08-23 19:31:00,628,voice
P027,P009,+91-90000-10027,+91-90000-10009,2026-06-13 18:37:00,79,voice
P007,P008,+91-90000-10007,+91-90000-10008,2026-08-13 01:02:00,620,voice
P008,P006,+91-90000-10008,+91-90000-10006,2026-07-05 15:44:00,897,voice
P006,P010,+91-90000-10006,+91-90000-10010,2026-07-19 19:52:00,308,voice
P033,P007,+91-90000-10033,+91-90000-10007,2026-08-04 18:26:00,58,voice
P020,P033,+91-90000-10020,+91-90000-10033,2026-06-01 18:01:00,307,voice
P006,P005,+91-90000-10006,+91-90000-10005,2026-06-03 14:09:00,152,voice
P002,P006,+91-90000-10002,+91-90000-10006,2026-08-25 19:00:00,823,voice
P001,P004,+91-90000-10001,+91-90000-10004,2026-06-07 04:15:00,263,voice
P006,P004,+91-90000-10006,+91-90000-10004,2026-07-10 02:01:00,418,voice
P043,P037,+91-90000-10043,+91-90000-10037,2026-06-21 18:28:00,268,voice
P010,P007,+91-90000-10010,+91-90000-10007,2026-06-26 17:40:00,883,voice
P001,P002,+91-90000-10001,+91-90000-10002,2026-07-06 07:20:00,311,voice
P038,P043,+91-90000-10038,+91-90000-10043,2026-08-17 18:53:00,662,voice
P010,P048,+91-90000-10010,+91-90000-10048,2026-07-13 03:30:00,626,voice
P047,P018,+91-90000-10047,+91-90000-10018,2026-07-20 13:24:00,633,voice
P005,P006,+91-90000-10005,+91-90000-10006,2026-07-20 07:02:00,403,voice
P007,P006,+91-90000-10007,+91-90000-10006,2026-06-25 09:49:00,583,voice
P003,P006,+91-90000-10003,+91-90000-10006,2026-08-05 11:58:00,720,voice
P009,P048,+91-90000-10009,+91-90000-10048,2026-07-03 21:11:00,175,voice
P001,P004,+91-90000-10001,+91-90000-10004,2026-07-13 11:58:00,296,voice
P009,P006,+91-90000-10009,+91-90000-10006,2026-06-23 01:10:00,50,voice
P005,P003,+91-90000-10005,+91-90000-10003,2026-06-20 09:17:00,384,voice
P006,P008,+91-90000-10006,+91-90000-10008,2026-07-19 02:08:00,130,voice
P010,P009,+91-90000-10010,+91-90000-10009,2026-06-05 17:44:00,627,voice
P001,P002,+91-90000-10001,+91-90000-10002,2026-07-25 07:28:00,583,voice
P009,P037,+91-90000-10009,+91-90000-10037,2026-07-07 19:28:00,147,voice
P006,P003,+91-90000-10006,+91-90000-10003,2026-08-25 02:54:00,148,voice
P008,P007,+91-90000-10008,+91-90000-10007,2026-08-05 02:17:00,470,voice
P002,P001,+91-90000-10002,+91-90000-10001,2026-08-04 13:28:00,40,voice
P043,P024,+91-90000-10043,+91-90000-10024,2026-06-01 18:46:00,867,voice
P008,P009,+91-90000-10008,+91-90000-10009,2026-07-08 20:51:00,192,voice
P008,P011,+91-90000-10008,+91-90000-10011,2026-08-07 05:25:00,811,voice
P003,P002,+91-90000-10003,+91-90000-10002,2026-06-09 13:14:00,881,voice
P002,P006,+91-90000-10002,+91-90000-10006,2026-08-07 00:19:00,97,voice
P003,P004,+91-90000-10003,+91-90000-10004,2026-06-03 11:59:00,346,voice
P007,P010,+91-90000-10007,+91-90000-10010,2026-06-07 23:10:00,308,voice
P047,P014,+91-90000-10047,+91-90000-10014,2026-08-09 09:31:00,31,voice
P010,P007,+91-90000-10010,+91-90000-10007,2026-08-20 22:13:00,276,voice
P003,P006,+91-90000-10003,+91-90000-10006,2026-08-17 19:26:00,518,voice
P018,P004,+91-90000-10018,+91-90000-10004,2026-08-12 14:19:00,522,voice
P004,P006,+91-90000-10004,+91-90000-10006,2026-08-21 19:12:00,43,voice
P003,P001,+91-90000-10003,+91-90000-10001,2026-07-16 04:00:00,792,voice
P008,P006,+91-90000-10008,+91-90000-10006,2026-08-16 04:48:00,778,voice
P005,P047,+91-90000-10005,+91-90000-10047,2026-08-25 20:25:00,855,voice
P005,P006,+91-90000-10005,+91-90000-10006,2026-08-16 23:52:00,581,voice
P004,P005,+91-90000-10004,+91-90000-10005,2026-06-04 10:45:00,621,voice
P003,P006,+91-90000-10003,+91-90000-10006,2026-08-10 12:39:00,405,voice
P007,P010,+91-90000-10007,+91-90000-10010,2026-06-12 10:18:00,740,voice
P003,P048,+91-90000-10003,+91-90000-10048,2026-07-20 22:53:00,289,voice
P019,P030,+91-90000-10019,+91-90000-10030,2026-06-11 21:42:00,767,voice
P003,P004,+91-90000-10003,+91-90000-10004,2026-06-25 09:14:00,258,voice
P035,P002,+91-90000-10035,+91-90000-10002,2026-06-18 05:05:00,353,voice
P007,P009,+91-90000-10007,+91-90000-10009,2026-06-26 17:19:00,80,voice
P011,P044,+91-90000-10011,+91-90000-10044,2026-06-18 16:39:00,223,voice
P010,P017,+91-90000-10010,+91-90000-10017,2026-08-10 19:06:00,695,voice
P020,P012,+91-90000-10020,+91-90000-10012,2026-07-04 22:32:00,702,voice
P007,P009,+91-90000-10007,+91-90000-10009,2026-07-27 15:57:00,798,voice
P014,P040,+91-90000-10014,+91-90000-10040,2026-06-27 10:12:00,597,voice
P029,P021,+91-90000-10029,+91-90000-10021,2026-06-16 23:49:00,542,voice
P049,P024,+91-90000-10049,+91-90000-10024,2026-07-24 19:30:00,748,voice
P001,P003,+91-90000-10001,+91-90000-10003,2026-08-25 03:21:00,362,voice
P001,P011,+91-90000-10001,+91-90000-10011,2026-07-16 19:23:00,465,voice
P005,P001,+91-90000-10005,+91-90000-10001,2026-06-24 15:34:00,760,voice
P004,P003,+91-90000-10004,+91-90000-10003,2026-07-22 01:38:00,852,voice
P009,P017,+91-90000-10009,+91-90000-10017,2026-08-23 09:58:00,418,voice
P044,P025,+91-90000-10044,+91-90000-10025,2026-06-05 18:28:00,319,voice
P006,P008,+91-90000-10006,+91-90000-10008,2026-08-13 01:40:00,45,voice
P006,P008,+91-90000-10006,+91-90000-10008,2026-08-06 16:14:00,624,voice
P023,P037,+91-90000-10023,+91-90000-10037,2026-06-06 09:20:00,703,voice
P010,P006,+91-90000-10010,+91-90000-10006,2026-07-08 15:32:00,838,voice
P006,P010,+91-90000-10006,+91-90000-10010,2026-06-06 19:38:00,358,voice
P002,P004,+91-90000-10002,+91-90000-10004,2026-07-20 04:28:00,45,voice
P017,P022,+91-90000-10017,+91-90000-10022,2026-08-18 07:57:00,251,voice
P037,P017,+91-90000-10037,+91-90000-10017,2026-06-19 14:19:00,126,voice
P009,P006,+91-90000-10009,+91-90000-10006,2026-06-06 05:08:00,802,voice
P007,P009,+91-90000-10007,+91-90000-10009,2026-07-22 07:09:00,350,voice
P004,P002,+91-90000-10004,+91-90000-10002,2026-06-19 04:44:00,666,voice
P003,P006,+91-90000-10003,+91-90000-10006,2026-06-06 22:10:00,427,voice
P037,P029,+91-90000-10037,+91-90000-10029,2026-07-16 05:45:00,688,voice
P033,P013,+91-90000-10033,+91-90000-10013,2026-08-14 19:13:00,339,voice
P003,P001,+91-90000-10003,+91-90000-10001,2026-06-13 00:33:00,164,voice
P045,P012,+91-90000-10045,+91-90000-10012,2026-06-02 11:07:00,850,voice
P032,P046,+91-90000-10032,+91-90000-10046,2026-07-19 08:44:00,332,voice
P006,P009,+91-90000-10006,+91-90000-10009,2026-08-06 06:43:00,789,voice
P020,P044,+91-90000-10020,+91-90000-10044,2026-07-18 00:36:00,625,voice
P004,P006,+91-90000-10004,+91-90000-10006,2026-08-12 19:25:00,247,voice
P023,P042,+91-90000-10023,+91-90000-10042,2026-08-14 17:28:00,326,voice
P004,P005,+91-90000-10004,+91-90000-10005,2026-06-20 09:34:00,740,voice
P010,P008,+91-90000-10010,+91-90000-10008,2026-08-23 19:58:00,824,voice
P004,P035,+91-90000-10004,+91-90000-10035,2026-08-21 03:13:00,856,voice
P040,P046,+91-90000-10040,+91-90000-10046,2026-08-13 02:00:00,441,voice
P048,P010,+91-90000-10048,+91-90000-10010,2026-06-25 03:27:00,691,voice
P006,P004,+91-90000-10006,+91-90000-10004,2026-07-08 09:42:00,736,voice
P001,P004,+91-90000-10001,+91-90000-10004,2026-07-27 16:17:00,782,voice
P004,P003,+91-90000-10004,+91-90000-10003,2026-06-17 06:23:00,76,voice
P005,P004,+91-90000-10005,+91-90000-10004,2026-06-24 21:21:00,363,voice
P005,P004,+91-90000-10005,+91-90000-10004,2026-08-16 19:42:00,194,voice
P003,P006,+91-90000-10003,+91-90000-10006,2026-07-18 09:44:00,651,voice
P009,P040,+91-90000-10009,+91-90000-10040,2026-06-04 21:08:00,669,voice
P007,P008,+91-90000-10007,+91-90000-10008,2026-08-04 04:44:00,300,voice
P003,P004,+91-90000-10003,+91-90000-10004,2026-06-01 11:42:00,455,voice
P017,P015,+91-90000-10017,+91-90000-10015,2026-06-04 11:20:00,545,voice
P042,P004,+91-90000-10042,+91-90000-10004,2026-06-10 01:32:00,528,voice
P002,P018,+91-90000-10002,+91-90000-10018,2026-07-13 16:06:00,766,voice
P031,P032,+91-90000-10031,+91-90000-10032,2026-08-18 20:16:00,245,voice
P021,P022,+91-90000-10021,+91-90000-10022,2026-06-16 09:30:00,783,voice
P003,P002,+91-90000-10003,+91-90000-10002,2026-08-13 04:19:00,130,voice
P007,P006,+91-90000-10007,+91-90000-10006,2026-08-13 17:36:00,395,voice
P002,P006,+91-90000-10002,+91-90000-10006,2026-06-11 12:28:00,552,voice
P004,P046,+91-90000-10004,+91-90000-10046,2026-07-25 10:11:00,689,voice
P050,P046,+91-90000-10050,+91-90000-10046,2026-07-23 14:37:00,177,voice
P002,P001,+91-90000-10002,+91-90000-10001,2026-07-07 09:12:00,87,voice
P006,P004,+91-90000-10006,+91-90000-10004,2026-06-01 10:23:00,168,voice
P001,P002,+91-90000-10001,+91-90000-10002,2026-08-19 18:19:00,293,voice
P039,P008,+91-90000-10039,+91-90000-10008,2026-06-08 20:25:00,729,voice
P042,P022,+91-90000-10042,+91-90000-10022,2026-06-03 14:04:00,565,voice
P001,P005,+91-90000-10001,+91-90000-10005,2026-07-19 20:48:00,128,voice
P037,P010,+91-90000-10037,+91-90000-10010,2026-07-08 05:35:00,691,voice
P043,P037,+91-90000-10043,+91-90000-10037,2026-06-13 06:44:00,726,voice
P002,P009,+91-90000-10002,+91-90000-10009,2026-08-05 21:14:00,790,voice
P003,P007,+91-90000-10003,+91-90000-10007,2026-07-05 08:23:00,700,voice
P005,P001,+91-90000-10005,+91-90000-10001,2026-06-12 11:10:00,800,voice
P001,P003,+91-90000-10001,+91-90000-10003,2026-08-19 15:13:00,83,voice
P007,P010,+91-90000-10007,+91-90000-10010,2026-06-26 23:04:00,824,voice
P004,P001,+91-90000-10004,+91-90000-10001,2026-07-03 23:02:00,394,voice
P046,P034,+91-90000-10046,+91-90000-10034,2026-06-01 13:48:00,74,voice
P038,P050,+91-90000-10038,+91-90000-10050,2026-06-16 23:08:00,164,voice
P010,P007,+91-90000-10010,+91-90000-10007,2026-06-13 02:03:00,187,voice
P002,P003,+91-90000-10002,+91-90000-10003,2026-06-05 01:48:00,145,voice
P002,P004,+91-90000-10002,+91-90000-10004,2026-07-02 11:04:00,28,voice
P001,P005,+91-90000-10001,+91-90000-10005,2026-08-23 19:04:00,179,voice
P004,P002,+91-90000-10004,+91-90000-10002,2026-08-10 08:23:00,408,voice
P010,P019,+91-90000-10010,+91-90000-10019,2026-06-23 17:17:00,695,voice
P038,P035,+91-90000-10038,+91-90000-10035,2026-07-15 11:18:00,286,voice
P007,P009,+91-90000-10007,+91-90000-10009,2026-07-10 14:58:00,441,voice
P007,P010,+91-90000-10007,+91-90000-10010,2026-08-15 20:37:00,385,voice
P006,P004,+91-90000-10006,+91-90000-10004,2026-06-20 14:05:00,853,voice
P050,P018,+91-90000-10050,+91-90000-10018,2026-07-05 03:05:00,16,voice
P008,P007,+91-90000-10008,+91-90000-10007,2026-07-08 00:32:00,470,voice
P030,P001,+91-90000-10030,+91-90000-10001,2026-08-24 14:39:00,753,voice
P010,P006,+91-90000-10010,+91-90000-10006,2026-07-09 05:44:00,33,voice
P005,P002,+91-90000-10005,+91-90000-10002,2026-08-03 15:06:00,64,voice
P005,P006,+91-90000-10005,+91-90000-10006,2026-06-27 09:49:00,431,voice
P008,P006,+91-90000-10008,+91-90000-10006,2026-07-18 09:41:00,547,voice
P006,P002,+91-90000-10006,+91-90000-10002,2026-07-20 06:26:00,259,voice
P005,P006,+91-90000-10005,+91-90000-10006,2026-08-07 23:24:00,607,voice
P008,P009,+91-90000-10008,+91-90000-10009,2026-08-05 06:39:00,28,voice
P010,P008,+91-90000-10010,+91-90000-10008,2026-06-01 05:50:00,240,voice
P005,P001,+91-90000-10005,+91-90000-10001,2026-06-05 16:16:00,612,voice
P003,P002,+91-90000-10003,+91-90000-10002,2026-06-16 22:24:00,573,voice
P003,P004,+91-90000-10003,+91-90000-10004,2026-06-20 06:44:00,703,voice
P023,P047,+91-90000-10023,+91-90000-10047,2026-06-25 12:01:00,864,voice
P007,P009,+91-90000-10007,+91-90000-10009,2026-07-22 14:21:00,462,voice
P010,P008,+91-90000-10010,+91-90000-10008,2026-08-08 21:28:00,742,voice
P006,P005,+91-90000-10006,+91-90000-10005,2026-07-08 13:40:00,235,voice
P007,P009,+91-90000-10007,+91-90000-10009,2026-06-21 03:33:00,847,voice
P002,P004,+91-90000-10002,+91-90000-10004,2026-08-15 22:58:00,610,voice
P015,P032,+91-90000-10015,+91-90000-10032,2026-06-05 05:48:00,585,voice
P001,P002,+91-90000-10001,+91-90000-10002,2026-08-17 13:08:00,787,voice
P016,P019,+91-90000-10016,+91-90000-10019,2026-08-01 18:02:00,30,voice
P003,P004,+91-90000-10003,+91-90000-10004,2026-06-25 05:03:00,897,voice
P008,P009,+91-90000-10008,+91-90000-10009,2026-06-19 04:27:00,242,voice
P026,P039,+91-90000-10026,+91-90000-10039,2026-08-12 18:45:00,35,voice
P016,P041,+91-90000-10016,+91-90000-10041,2026-08-14 14:45:00,584,voice
P023,P043,+91-90000-10023,+91-90000-10043,2026-08-06 12:43:00,367,voice
P006,P005,+91-90000-10006,+91-90000-10005,2026-06-17 05:00:00,792,voice
P009,P008,+91-90000-10009,+91-90000-10008,2026-06-04 23:48:00,259,voice
P024,P003,+91-90000-10024,+91-90000-10003,2026-07-11 15:30:00,439,voice
P001,P005,+91-90000-10001,+91-90000-10005,2026-06-27 01:35:00,812,voice
P019,P031,+91-90000-10019,+91-90000-10031,2026-06-04 11:43:00,674,voice
P006,P004,+91-90000-10006,+91-90000-10004,2026-07-10 05:43:00,614,voice
P032,P035,+91-90000-10032,+91-90000-10035,2026-07-06 21:10:00,175,voice
P021,P024,+91-90000-10021,+91-90000-10024,2026-06-20 17:38:00,337,voice
P003,P002,+91-90000-10003,+91-90000-10002,2026-08-14 07:21:00,824,voice
P023,P050,+91-90000-10023,+91-90000-10050,2026-06-21 06:32:00,322,voice
P040,P002,+91-90000-10040,+91-90000-10002,2026-07-09 21:27:00,164,voice
P037,P029,+91-90000-10037,+91-90000-10029,2026-08-04 06:19:00,608,voice
P015,P033,+91-90000-10015,+91-90000-10033,2026-08-04 02:48:00,55,voice
P006,P002,+91-90000-10006,+91-90000-10002,2026-07-09 17:45:00,172,voice
P035,P014,+91-90000-10035,+91-90000-10014,2026-06-19 13:24:00,336,voice
P001,P044,+91-90000-10001,+91-90000-10044,2026-07-07 07:17:00,492,voice
P003,P002,+91-90000-10003,+91-90000-10002,2026-07-08 20:16:00,668,voice
P003,P004,+91-90000-10003,+91-90000-10004,2026-07-02 14:11:00,152,voice
P007,P010,+91-90000-10007,+91-90000-10010,2026-07-03 09:17:00,543,voice
P004,P005,+91-90000-10004,+91-90000-10005,2026-08-26 09:33:00,225,voice
P046,P005,+91-90000-10046,+91-90000-10005,2026-08-27 07:25:00,295,voice
P047,P003,+91-90000-10047,+91-90000-10003,2026-07-09 01:07:00,256,voice
P002,P004,+91-90000-10002,+91-90000-10004,2026-08-06 20:07:00,469,voice
P005,P003,+91-90000-10005,+91-90000-10003,2026-07-25 03:20:00,313,voice
P008,P006,+91-90000-10008,+91-90000-10006,2026-07-20 03:27:00,481,voice
P002,P003,+91-90000-10002,+91-90000-10003,2026-08-16 05:53:00,396,voice
P010,P008,+91-90000-10010,+91-90000-10008,2026-08-11 18:48:00,245,voice
P007,P010,+91-90000-10007,+91-90000-10010,2026-07-06 19:27:00,329,voice
P005,P002,+91-90000-10005,+91-90000-10002,2026-08-19 11:04:00,283,voice
P010,P009,+91-90000-10010,+91-90000-10009,2026-06-09 00:54:00,367,voice
P001,P009,+91-90000-10001,+91-90000-10009,2026-08-13 03:05:00,601,voice
P034,P030,+91-90000-10034,+91-90000-10030,2026-06-03 19:44:00,564,voice
P002,P005,+91-90000-10002,+91-90000-10005,2026-06-20 15:52:00,67,voice
P005,P006,+91-90000-10005,+91-90000-10006,2026-07-23 01:56:00,843,voice
P002,P001,+91-90000-10002,+91-90000-10001,2026-08-18 21:39:00,379,voice
P009,P010,+91-90000-10009,+91-90000-10010,2026-08-21 17:52:00,42,voice
P006,P004,+91-90000-10006,+91-90000-10004,2026-08-14 19:54:00,592,voice
P037,P048,+91-90000-10037,+91-90000-10048,2026-08-23 22:13:00,606,voice
P006,P002,+91-90000-10006,+91-90000-10002,2026-07-21 22:44:00,673,voice
P036,P018,+91-90000-10036,+91-90000-10018,2026-08-02 00:20:00,709,voice
P006,P009,+91-90000-10006,+91-90000-10009,2026-06-18 08:35:00,209,voice
P003,P002,+91-90000-10003,+91-90000-10002,2026-07-27 23:22:00,643,voice
P004,P001,+91-90000-10004,+91-90000-10001,2026-08-06 11:04:00,143,voice
P002,P005,+91-90000-10002,+91-90000-10005,2026-07-25 13:03:00,276,voice
P020,P031,+91-90000-10020,+91-90000-10031,2026-06-01 05:23:00,836,voice
P003,P036,+91-90000-10003,+91-90000-10036,2026-08-21 02:19:00,245,voice
P042,P038,+91-90000-10042,+91-90000-10038,2026-06-13 11:32:00,447,voice
P007,P006,+91-90000-10007,+91-90000-10006,2026-07-25 00:07:00,112,voice
P045,P023,+91-90000-10045,+91-90000-10023,2026-08-15 03:27:00,590,voice
P015,P008,+91-90000-10015,+91-90000-10008,2026-08-09 09:32:00,71,voice
P018,P028,+91-90000-10018,+91-90000-10028,2026-06-02 21:42:00,263,voice
P006,P010,+91-90000-10006,+91-90000-10010,2026-07-03 17:21:00,91,voice
P007,P010,+91-90000-10007,+91-90000-10010,2026-08-16 13:40:00,707,voice
P031,P010,+91-90000-10031,+91-90000-10010,2026-06-12 18:48:00,373,voice
P004,P005,+91-90000-10004,+91-90000-10005,2026-06-23 16:12:00,861,voice
P016,P012,+91-90000-10016,+91-90000-10012,2026-08-11 03:13:00,239,voice
P009,P010,+91-90000-10009,+91-90000-10010,2026-07-10 21:15:00,796,voice
P004,P005,+91-90000-10004,+91-90000-10005,2026-08-05 09:37:00,739,voice
P009,P008,+91-90000-10009,+91-90000-10008,2026-06-04 13:35:00,578,voice
P003,P005,+91-90000-10003,+91-90000-10005,2026-08-21 19:48:00,347,voice
P003,P025,+91-90000-10003,+91-90000-10025,2026-08-01 09:30:00,321,voice
P012,P020,+91-90000-10012,+91-90000-10020,2026-06-16 09:51:00,179,voice
P005,P004,+91-90000-10005,+91-90000-10004,2026-06-12 22:51:00,653,voice
P009,P036,+91-90000-10009,+91-90000-10036,2026-06-27 06:07:00,140,voice
P025,P019,+91-90000-10025,+91-90000-10019,2026-07-08 23:00:00,519,voice
P035,P022,+91-90000-10035,+91-90000-10022,2026-07-13 19:38:00,775,voice
P020,P030,+91-90000-10020,+91-90000-10030,2026-08-14 04:57:00,506,voice
P009,P007,+91-90000-10009,+91-90000-10007,2026-06-19 20:52:00,49,voice
P006,P007,+91-90000-10006,+91-90000-10007,2026-07-17 10:51:00,572,voice
P001,P002,+91-90000-10001,+91-90000-10002,2026-07-24 12:45:00,401,voice
P007,P006,+91-90000-10007,+91-90000-10006,2026-07-11 03:46:00,346,voice
P004,P006,+91-90000-10004,+91-90000-10006,2026-06-23 20:33:00,504,voice
P006,P002,+91-90000-10006,+91-90000-10002,2026-06-03 20:22:00,205,voice
P037,P005,+91-90000-10037,+91-90000-10005,2026-08-06 10:52:00,847,voice
P008,P010,+91-90000-10008,+91-90000-10010,2026-07-26 04:25:00,17,voice
P005,P003,+91-90000-10005,+91-90000-10003,2026-07-19 21:50:00,855,voice
P004,P005,+91-90000-10004,+91-90000-10005,2026-06-12 16:28:00,325,voice
P004,P002,+91-90000-10004,+91-90000-10002,2026-08-09 00:27:00,620,voice
P002,P003,+91-90000-10002,+91-90000-10003,2026-07-04 01:28:00,639,voice
P049,P023,+91-90000-10049,+91-90000-10023,2026-08-16 06:33:00,779,voice
P005,P003,+91-90000-10005,+91-90000-10003,2026-08-01 10:55:00,440,voice
P006,P008,+91-90000-10006,+91-90000-10008,2026-06-20 21:13:00,728,voice
P002,P006,+91-90000-10002,+91-90000-10006,2026-06-07 15:20:00,396,voice
P006,P004,+91-90000-10006,+91-90000-10004,2026-07-12 07:24:00,568,voice
P002,P004,+91-90000-10002,+91-90000-10004,2026-07-22 10:02:00,184,voice
P006,P002,+91-90000-10006,+91-90000-10002,2026-08-02 19:45:00,671,voice
P049,P033,+91-90000-10049,+91-90000-10033,2026-06-05 18:40:00,867,voice
P028,P034,+91-90000-10028,+91-90000-10034,2026-07-15 08:21:00,336,voice
P026,P008,+91-90000-10026,+91-90000-10008,2026-06-27 16:42:00,667,voice
P036,P009,+91-90000-10036,+91-90000-10009,2026-08-23 17:38:00,442,voice
P007,P010,+91-90000-10007,+91-90000-10010,2026-07-25 18:06:00,478,voice
P002,P010,+91-90000-10002,+91-90000-10010,2026-06-17 19:59:00,746,voice
P009,P007,+91-90000-10009,+91-90000-10007,2026-06-11 19:52:00,872,voice
P009,P010,+91-90000-10009,+91-90000-10010,2026-08-18 18:24:00,286,voice
P032,P007,+91-90000-10032,+91-90000-10007,2026-08-04 02:26:00,653,voice
P005,P006,+91-90000-10005,+91-90000-10006,2026-06-07 17:42:00,702,voice
P007,P009,+91-90000-10007,+91-90000-10009,2026-06-27 07:20:00,197,voice
P005,P006,+91-90000-10005,+91-90000-10006,2026-06-24 12:08:00,899,voice
P006,P009,+91-90000-10006,+91-90000-10009,2026-07-22 22:20:00,530,voice
P009,P008,+91-90000-10009,+91-90000-10008,2026-08-26 22:56:00,52,voice
P012,P033,+91-90000-10012,+91-90000-10033,2026-06-11 02:44:00,838,voice
P007,P010,+91-90000-10007,+91-90000-10010,2026-06-01 03:56:00,539,voice
P021,P008,+91-90000-10021,+91-90000-10008,2026-07-04 03:16:00,516,voice
P009,P008,+91-90000-10009,+91-90000-10008,2026-06-05 07:10:00,289,voice
P009,P008,+91-90000-10009,+91-90000-10008,2026-07-12 00:18:00,383,voice
P005,P001,+91-90000-10005,+91-90000-10001,2026-08-20 02:02:00,77,voice
P008,P006,+91-90000-10008,+91-90000-10006,2026-08-11 09:02:00,596,voice
P010,P006,+91-90000-10010,+91-90000-10006,2026-07-08 03:48:00,132,voice
P008,P006,+91-90000-10008,+91-90000-10006,2026-08-23 15:16:00,207,voice
P044,P012,+91-90000-10044,+91-90000-10012,2026-07-06 07:48:00,411,voice
P001,P004,+91-90000-10001,+91-90000-10004,2026-07-27 06:33:00,881,voice
P008,P007,+91-90000-10008,+91-90000-10007,2026-07-21 23:48:00,204,voice
P005,P002,+91-90000-10005,+91-90000-10002,2026-07-26 12:08:00,378,voice
P024,P046,+91-90000-10024,+91-90000-10046,2026-07-11 19:17:00,154,voice
P009,P023,+91-90000-10009,+91-90000-10023,2026-06-27 16:20:00,737,voice
P008,P007,+91-90000-10008,+91-90000-10007,2026-07-26 00:59:00,412,voice
P002,P003,+91-90000-10002,+91-90000-10003,2026-07-27 22:07:00,616,voice
P006,P005,+91-90000-10006,+91-90000-10005,2026-06-03 04:44:00,195,voice
P019,P044,+91-90000-10019,+91-90000-10044,2026-08-21 13:23:00,783,voice
P007,P008,+91-90000-10007,+91-90000-10008,2026-08-11 07:19:00,158,voice
P004,P002,+91-90000-10004,+91-90000-10002,2026-08-27 09:49:00,327,voice
P009,P007,+91-90000-10009,+91-90000-10007,2026-08-08 16:38:00,704,voice
P018,P011,+91-90000-10018,+91-90000-10011,2026-06-02 03:40:00,581,voice
P028,P021,+91-90000-10028,+91-90000-10021,2026-06-10 03:09:00,339,voice
P009,P007,+91-90000-10009,+91-90000-10007,2026-06-10 09:14:00,769,voice
P022,P006,+91-90000-10022,+91-90000-10006,2026-08-19 02:11:00,43,voice
P001,P002,+91-90000-10001,+91-90000-10002,2026-08-22 00:01:00,434,voice
P002,P040,+91-90000-10002,+91-90000-10040,2026-06-02 11:10:00,578,voice
P044,P040,+91-90000-10044,+91-90000-10040,2026-06-25 09:46:00,623,voice
P046,P003,+91-90000-10046,+91-90000-10003,2026-06-21 11:25:00,630,voice
P006,P010,+91-90000-10006,+91-90000-10010,2026-08-24 16:24:00,40,voice
P007,P010,+91-90000-10007,+91-90000-10010,2026-06-02 05:21:00,492,voice
P008,P010,+91-90000-10008,+91-90000-10010,2026-06-27 11:22:00,537,voice
P006,P009,+91-90000-10006,+91-90000-10009,2026-08-04 11:35:00,436,voice
P019,P046,+91-90000-10019,+91-90000-10046,2026-06-11 09:59:00,772,voice
P010,P006,+91-90000-10010,+91-90000-10006,2026-06-21 07:00:00,617,voice
P006,P004,+91-90000-10006,+91-90000-10004,2026-06-08 23:43:00,756,voice
P005,P006,+91-90000-10005,+91-90000-10006,2026-06-12 00:48:00,252,voice
P001,P002,+91-90000-10001,+91-90000-10002,2026-06-11 21:00:00,722,voice
P039,P009,+91-90000-10039,+91-90000-10009,2026-07-19 16:37:00,588,voice
P003,P005,+91-90000-10003,+91-90000-10005,2026-08-24 10:28:00,489,voice
P040,P012,+91-90000-10040,+91-90000-10012,2026-08-11 02:20:00,640,voice
P036,P005,+91-90000-10036,+91-90000-10005,2026-07-20 06:34:00,101,voice
P001,P002,+91-90000-10001,+91-90000-10002,2026-08-03 15:29:00,754,voice
P028,P048,+91-90000-10028,+91-90000-10048,2026-06-03 14:47:00,669,voice
P035,P042,+91-90000-10035,+91-90000-10042,2026-08-04 12:37:00,797,voice
P041,P011,+91-90000-10041,+91-90000-10011,2026-06-23 14:37:00,823,voice
P015,P008,+91-90000-10015,+91-90000-10008,2026-08-13 23:54:00,341,voice
P002,P001,+91-90000-10002,+91-90000-10001,2026-07-07 15:37:00,655,voice
P008,P009,+91-90000-10008,+91-90000-10009,2026-08-12 16:06:00,93,voice
P008,P007,+91-90000-10008,+91-90000-10007,2026-08-08 02:25:00,217,voice
P008,P006,+91-90000-10008,+91-90000-10006,2026-06-08 14:04:00,434,voice
P005,P002,+91-90000-10005,+91-90000-10002,2026-07-17 00:14:00,376,voice
P033,P041,+91-90000-10033,+91-90000-10041,2026-06-21 20:44:00,658,voice
P010,P008,+91-90000-10010,+91-90000-10008,2026-06-02 06:41:00,216,voice
P009,P006,+91-90000-10009,+91-90000-10006,2026-07-16 10:47:00,217,voice
P008,P006,+91-90000-10008,+91-90000-10006,2026-07-06 18:50:00,460,voice
P016,P033,+91-90000-10016,+91-90000-10033,2026-06-08 21:43:00,868,voice
P001,P002,+91-90000-10001,+91-90000-10002,2026-06-13 04:39:00,59,voice
P003,P028,+91-90000-10003,+91-90000-10028,2026-07-17 16:26:00,448,voice
P022,P038,+91-90000-10022,+91-90000-10038,2026-08-09 07:25:00,838,voice
P006,P005,+91-90000-10006,+91-90000-10005,2026-07-17 07:40:00,376,voice
P026,P019,+91-90000-10026,+91-90000-10019,2026-08-17 03:58:00,352,voice
P002,P001,+91-90000-10002,+91-90000-10001,2026-07-10 10:46:00,540,voice
P008,P007,+91-90000-10008,+91-90000-10007,2026-07-19 07:54:00,205,voice
P036,P029,+91-90000-10036,+91-90000-10029,2026-07-13 05:25:00,651,voice
P006,P004,+91-90000-10006,+91-90000-10004,2026-08-13 15:32:00,386,voice
P050,P043,+91-90000-10050,+91-90000-10043,2026-07-18 10:37:00,224,voice
P003,P006,+91-90000-10003,+91-90000-10006,2026-08-07 07:19:00,868,voice
P050,P037,+91-90000-10050,+91-90000-10037,2026-06-14 22:16:00,93,voice
P005,P001,+91-90000-10005,+91-90000-10001,2026-07-15 19:39:00,207,voice
P004,P002,+91-90000-10004,+91-90000-10002,2026-08-11 11:20:00,629,voice
P006,P005,+91-90000-10006,+91-90000-10005,2026-07-10 02:41:00,676,voice
P007,P006,+91-90000-10007,+91-90000-10006,2026-08-21 15:17:00,343,voice
P009,P007,+91-90000-10009,+91-90000-10007,2026-07-10 08:33:00,467,voice
P005,P002,+91-90000-10005,+91-90000-10002,2026-06-15 03:07:00,550,voice
P002,P001,+91-90000-10002,+91-90000-10001,2026-07-17 11:08:00,640,voice
P001,P003,+91-90000-10001,+91-90000-10003,2026-07-24 13:09:00,224,voice
P023,P036,+91-90000-10023,+91-90000-10036,2026-07-21 01:56:00,718,voice
P038,P041,+91-90000-10038,+91-90000-10041,2026-08-15 15:58:00,491,voice
P002,P006,+91-90000-10002,+91-90000-10006,2026-07-27 01:51:00,638,voice
P010,P007,+91-90000-10010,+91-90000-10007,2026-06-14 05:08:00,486,voice
P010,P009,+91-90000-10010,+91-90000-10009,2026-08-12 06:33:00,833,voice
P004,P002,+91-90000-10004,+91-90000-10002,2026-08-18 22:11:00,165,voice
P025,P038,+91-90000-10025,+91-90000-10038,2026-07-03 18:28:00,183,voice
P013,P046,+91-90000-10013,+91-90000-10046,2026-07-22 11:10:00,613,voice
P001,P003,+91-90000-10001,+91-90000-10003,2026-07-26 11:46:00,862,voice
P003,P005,+91-90000-10003,+91-90000-10005,2026-08-19 01:56:00,840,voice
P001,P002,+91-90000-10001,+91-90000-10002,2026-08-25 08:25:00,733,voice
P002,P003,+91-90000-10002,+91-90000-10003,2026-08-10 10:03:00,894,voice
P023,P019,+91-90000-10023,+91-90000-10019,2026-06-04 09:49:00,146,voice
P006,P001,+91-90000-10006,+91-90000-10001,2026-08-23 06:11:00,683,voice
P006,P007,+91-90000-10006,+91-90000-10007,2026-08-05 23:18:00,498,voice
P003,P006,+91-90000-10003,+91-90000-10006,2026-07-16 12:53:00,861,voice
P003,P004,+91-90000-10003,+91-90000-10004,2026-08-19 17:10:00,875,voice
P009,P010,+91-90000-10009,+91-90000-10010,2026-08-15 16:50:00,785,voice
P034,P020,+91-90000-10034,+91-90000-10020,2026-07-16 06:48:00,25,voice
P006,P007,+91-90000-10006,+91-90000-10007,2026-07-10 13:59:00,335,voice
P005,P003,+91-90000-10005,+91-90000-10003,2026-07-24 21:42:00,850,voice
P003,P006,+91-90000-10003,+91-90000-10006,2026-08-17 11:59:00,297,voice
P009,P008,+91-90000-10009,+91-90000-10008,2026-07-26 06:03:00,651,voice
P041,P014,+91-90000-10041,+91-90000-10014,2026-06-01 18:27:00,88,voice
P009,P007,+91-90000-10009,+91-90000-10007,2026-06-02 16:18:00,148,voice
P005,P006,+91-90000-10005,+91-90000-10006,2026-07-22 10:40:00,95,voice
P045,P048,+91-90000-10045,+91-90000-10048,2026-06-12 00:25:00,362,voice
P006,P003,+91-90000-10006,+91-90000-10003,2026-06-09 10:13:00,167,voice
P010,P007,+91-90000-10010,+91-90000-10007,2026-07-15 16:44:00,284,voice
P006,P008,+91-90000-10006,+91-90000-10008,2026-07-17 00:30:00,859,voice
P001,P006,+91-90000-10001,+91-90000-10006,2026-06-20 07:40:00,503,voice
P001,P003,+91-90000-10001,+91-90000-10003,2026-06-03 02:35:00,656,voice
P001,P006,+91-90000-10001,+91-90000-10006,2026-06-20 11:58:00,794,voice
P049,P042,+91-90000-10049,+91-90000-10042,2026-08-03 17:42:00,433,voice
P021,P049,+91-90000-10021,+91-90000-10049,2026-08-04 00:26:00,191,voice
P008,P009,+91-90000-10008,+91-90000-10009,2026-07-06 22:36:00,886,voice
P002,P005,+91-90000-10002,+91-90000-10005,2026-07-25 22:48:00,221,voice
P026,P021,+91-90000-10026,+91-90000-10021,2026-07-06 17:24:00,275,voice
P006,P010,+91-90000-10006,+91-90000-10010,2026-08-17 23:33:00,856,voice
P008,P006,+91-90000-10008,+91-90000-10006,2026-08-10 07:37:00,139,voice
P007,P006,+91-90000-10007,+91-90000-10006,2026-08-07 01:24:00,602,voice
P005,P001,+91-90000-10005,+91-90000-10001,2026-07-25 16:02:00,212,voice
P006,P004,+91-90000-10006,+91-90000-10004,2026-07-07 08:47:00,801,voice
P033,P049,+91-90000-10033,+91-90000-10049,2026-08-17 22:59:00,300,voice
P004,P041,+91-90000-10004,+91-90000-10041,2026-08-19 15:12:00,606,voice
P007,P006,+91-90000-10007,+91-90000-10006,2026-08-09 05:11:00,61,voice
P007,P008,+91-90000-10007,+91-90000-10008,2026-07-14 16:39:00,581,voice
P002,P001,+91-90000-10002,+91-90000-10001,2026-06-18 18:36:00,210,voice
P041,P044,+91-90000-10041,+91-90000-10044,2026-06-01 09:53:00,696,voice
P002,P005,+91-90000-10002,+91-90000-10005,2026-06-20 03:02:00,536,voice
P005,P002,+91-90000-10005,+91-90000-10002,2026-07-07 07:35:00,15,voice
P034,P004,+91-90000-10034,+91-90000-10004,2026-07-02 06:40:00,185,voice
P003,P006,+91-90000-10003,+91-90000-10006,2026-06-18 21:46:00,818,voice
P006,P010,+91-90000-10006,+91-90000-10010,2026-07-03 13:18:00,837,voice
P009,P010,+91-90000-10009,+91-90000-10010,2026-08-01 00:05:00,535,voice
P003,P005,+91-90000-10003,+91-90000-10005,2026-08-03 19:45:00,197,voice
P010,P006,+91-90000-10010,+91-90000-10006,2026-06-03 10:23:00,407,voice
P011,P004,+91-90000-10011,+91-90000-10004,2026-07-20 00:35:00,800,voice
P009,P045,+91-90000-10009,+91-90000-10045,2026-06-14 00:46:00,256,voice
P008,P007,+91-90000-10008,+91-90000-10007,2026-08-10 18:06:00,278,voice
P007,P040,+91-90000-10007,+91-90000-10040,2026-06-06 16:15:00,435,voice
P010,P006,+91-90000-10010,+91-90000-10006,2026-07-26 14:43:00,137,voice
P002,P004,+91-90000-10002,+91-90000-10004,2026-06-07 12:13:00,476,voice
P009,P006,+91-90000-10009,+91-90000-10006,2026-07-24 13:21:00,295,voice
P046,P029,+91-90000-10046,+91-90000-10029,2026-08-02 16:30:00,603,voice
P001,P005,+91-90000-10001,+91-90000-10005,2026-06-13 00:45:00,595,voice
P010,P007,+91-90000-10010,+91-90000-10007,2026-08-21 12:00:00,683,voice
P007,P024,+91-90000-10007,+91-90000-10024,2026-07-18 04:13:00,844,voice
P007,P010,+91-90000-10007,+91-90000-10010,2026-07-09 14:26:00,751,voice
P008,P009,+91-90000-10008,+91-90000-10009,2026-08-21 19:46:00,368,voice
P005,P002,+91-90000-10005,+91-90000-10002,2026-08-19 09:39:00,66,voice
P027,P028,+91-90000-10027,+91-90000-10028,2026-07-07 20:10:00,617,voice
P008,P010,+91-90000-10008,+91-90000-10010,2026-08-08 08:06:00,237,voice
P035,P036,+91-90000-10035,+91-90000-10036,2026-08-27 02:20:00,358,voice
P020,P007,+91-90000-10020,+91-90000-10007,2026-07-23 14:29:00,729,voice
P035,P032,+91-90000-10035,+91-90000-10032,2026-06-02 12:32:00,150,voice
P001,P005,+91-90000-10001,+91-90000-10005,2026-07-17 20:05:00,537,voice
P010,P006,+91-90000-10010,+91-90000-10006,2026-07-21 20:14:00,316,voice
P003,P001,+91-90000-10003,+91-90000-10001,2026-08-26 11:39:00,580,voice
P002,P016,+91-90000-10002,+91-90000-10016,2026-08-19 17:00:00,361,voice
P003,P002,+91-90000-10003,+91-90000-10002,2026-07-26 10:59:00,713,voice
P048,P015,+91-90000-10048,+91-90000-10015,2026-06-22 16:29:00,554,voice
P002,P003,+91-90000-10002,+91-90000-10003,2026-06-05 15:22:00,320,voice
P003,P001,+91-90000-10003,+91-90000-10001,2026-06-23 07:35:00,731,voice
P049,P020,+91-90000-10049,+91-90000-10020,2026-07-11 20:55:00,51,voice
P030,P020,+91-90000-10030,+91-90000-10020,2026-06-23 01:58:00,62,voice
P002,P003,+91-90000-10002,+91-90000-10003,2026-07-14 03:58:00,897,voice
P004,P006,+91-90000-10004,+91-90000-10006,2026-08-02 15:05:00,887,voice
P007,P006,+91-90000-10007,+91-90000-10006,2026-07-15 14:38:00,111,voice
P009,P010,+91-90000-10009,+91-90000-10010,2026-07-27 19:33:00,583,voice
P023,P010,+91-90000-10023,+91-90000-10010,2026-06-17 19:14:00,317,voice
P001,P006,+91-90000-10001,+91-90000-10006,2026-06-24 10:57:00,60,voice
P001,P003,+91-90000-10001,+91-90000-10003,2026-06-17 13:53:00,133,voice
P049,P031,+91-90000-10049,+91-90000-10031,2026-08-21 17:36:00,124,voice
P002,P003,+91-90000-10002,+91-90000-10003,2026-06-08 06:20:00,277,voice
P004,P003,+91-90000-10004,+91-90000-10003,2026-06-03 05:47:00,446,voice
P008,P006,+91-90000-10008,+91-90000-10006,2026-06-22 12:59:00,387,voice
P005,P003,+91-90000-10005,+91-90000-10003,2026-06-09 22:18:00,376,voice
P006,P007,+91-90000-10006,+91-90000-10007,2026-08-11 18:00:00,94,voice
P030,P049,+91-90000-10030,+91-90000-10049,2026-08-21 23:39:00,296,voice
P009,P041,+91-90000-10009,+91-90000-10041,2026-06-07 20:50:00,485,voice
P044,P040,+91-90000-10044,+91-90000-10040,2026-08-25 17:24:00,698,voice
P006,P007,+91-90000-10006,+91-90000-10007,2026-08-25 13:46:00,231,voice
P001,P004,+91-90000-10001,+91-90000-10004,2026-07-03 17:40:00,668,voice
P004,P003,+91-90000-10004,+91-90000-10003,2026-08-18 07:11:00,40,voice
P006,P007,+91-90000-10006,+91-90000-10007,2026-08-04 22:51:00,123,voice
P010,P006,+91-90000-10010,+91-90000-10006,2026-06-05 03:29:00,520,voice
P007,P006,+91-90000-10007,+91-90000-10006,2026-08-18 08:29:00,839,voice
P003,P002,+91-90000-10003,+91-90000-10002,2026-07-21 13:56:00,728,voice
P030,P049,+91-90000-10030,+91-90000-10049,2026-07-15 20:18:00,663,voice
P048,P011,+91-90000-10048,+91-90000-10011,2026-06-08 07:23:00,574,voice
P008,P009,+91-90000-10008,+91-90000-10009,2026-06-19 19:15:00,722,voice
P001,P002,+91-90000-10001,+91-90000-10002,2026-06-07 17:34:00,214,voice
P001,P009,+91-90000-10001,+91-90000-10009,2026-06-25 04:21:00,577,voice
P002,P005,+91-90000-10002,+91-90000-10005,2026-07-21 16:21:00,20,voice
P005,P003,+91-90000-10005,+91-90000-10003,2026-06-15 23:39:00,379,voice
P004,P003,+91-90000-10004,+91-90000-10003,2026-06-18 15:56:00,792,voice
P004,P002,+91-90000-10004,+91-90000-10002,2026-08-06 09:08:00,53,voice
P004,P002,+91-90000-10004,+91-90000-10002,2026-07-23 03:11:00,710,voice
P008,P007,+91-90000-10008,+91-90000-10007,2026-06-13 01:53:00,36,voice
P007,P006,+91-90000-10007,+91-90000-10006,2026-07-27 00:05:00,356,voice
P032,P019,+91-90000-10032,+91-90000-10019,2026-07-09 03:37:00,436,voice
P008,P006,+91-90000-10008,+91-90000-10006,2026-08-04 01:25:00,139,voice
P035,P043,+91-90000-10035,+91-90000-10043,2026-08-21 11:37:00,342,voice
P005,P003,+91-90000-10005,+91-90000-10003,2026-06-27 02:52:00,748,voice
P047,P032,+91-90000-10047,+91-90000-10032,2026-08-13 19:47:00,54,voice
P034,P027,+91-90000-10034,+91-90000-10027,2026-08-09 05:43:00,154,voice
P003,P002,+91-90000-10003,+91-90000-10002,2026-08-08 20:31:00,316,voice
P003,P006,+91-90000-10003,+91-90000-10006,2026-08-27 07:43:00,281,voice
P007,P006,+91-90000-10007,+91-90000-10006,2026-08-12 01:29:00,15,voice
P018,P004,+91-90000-10018,+91-90000-10004,2026-07-25 21:44:00,669,voice
P009,P020,+91-90000-10009,+91-90000-10020,2026-08-17 05:53:00,596,voice
P008,P006,+91-90000-10008,+91-90000-10006,2026-07-13 11:53:00,706,voice
P001,P004,+91-90000-10001,+91-90000-10004,2026-08-10 05:08:00,375,voice
P007,P009,+91-90000-10007,+91-90000-10009,2026-08-26 16:03:00,712,voice
P011,P029,+91-90000-10011,+91-90000-10029,2026-07-17 07:25:00,686,voice
P007,P049,+91-90000-10007,+91-90000-10049,2026-07-07 02:54:00,767,voice
P004,P003,+91-90000-10004,+91-90000-10003,2026-07-08 03:08:00,31,voice
P009,P008,+91-90000-10009,+91-90000-10008,2026-06-02 12:47:00,136,voice
P002,P023,+91-90000-10002,+91-90000-10023,2026-07-17 23:34:00,147,voice
P007,P008,+91-90000-10007,+91-90000-10008,2026-08-22 04:24:00,802,voice
P006,P009,+91-90000-10006,+91-90000-10009,2026-07-25 20:21:00,266,voice
P001,P006,+91-90000-10001,+91-90000-10006,2026-08-12 21:48:00,317,voice
P003,P004,+91-90000-10003,+91-90000-10004,2026-07-10 13:03:00,729,voice
P038,P028,+91-90000-10038,+91-90000-10028,2026-07-25 18:21:00,885,voice
P009,P010,+91-90000-10009,+91-90000-10010,2026-08-14 23:33:00,393,voice
P024,P032,+91-90000-10024,+91-90000-10032,2026-08-25 05:26:00,459,voice
P006,P009,+91-90000-10006,+91-90000-10009,2026-07-04 16:49:00,321,voice
P007,P008,+91-90000-10007,+91-90000-10008,2026-08-26 16:12:00,772,voice
P014,P003,+91-90000-10014,+91-90000-10003,2026-07-19 14:28:00,591,voice
P002,P005,+91-90000-10002,+91-90000-10005,2026-08-02 13:51:00,87,voice
P003,P001,+91-90000-10003,+91-90000-10001,2026-07-10 08:29:00,641,voice
P039,P009,+91-90000-10039,+91-90000-10009,2026-06-25 13:32:00,774,voice
P010,P008,+91-90000-10010,+91-90000-10008,2026-07-02 18:46:00,274,voice
P037,P008,+91-90000-10037,+91-90000-10008,2026-06-07 06:06:00,39,voice
P001,P005,+91-90000-10001,+91-90000-10005,2026-06-03 14:30:00,670,voice
P003,P005,+91-90000-10003,+91-90000-10005,2026-08-14 05:41:00,296,voice
P009,P006,+91-90000-10009,+91-90000-10006,2026-07-06 03:32:00,429,voice
P043,P010,+91-90000-10043,+91-90000-10010,2026-07-23 01:36:00,288,voice
P009,P018,+91-90000-10009,+91-90000-10018,2026-08-23 22:12:00,34,voice
P006,P002,+91-90000-10006,+91-90000-10002,2026-08-18 06:26:00,163,voice
P009,P008,+91-90000-10009,+91-90000-10008,2026-07-24 09:41:00,220,voice
P027,P013,+91-90000-10027,+91-90000-10013,2026-08-11 18:03:00,591,voice
P002,P006,+91-90000-10002,+91-90000-10006,2026-07-02 22:35:00,286,voice
P008,P009,+91-90000-10008,+91-90000-10009,2026-06-10 17:38:00,882,voice
P049,P024,+91-90000-10049,+91-90000-10024,2026-08-07 15:40:00,562,voice
P006,P005,+91-90000-10006,+91-90000-10005,2026-07-27 12:05:00,57,voice
P007,P023,+91-90000-10007,+91-90000-10023,2026-06-25 05:50:00,66,voice
P020,P025,+91-90000-10020,+91-90000-10025,2026-07-20 05:08:00,639,voice
P006,P008,+91-90000-10006,+91-90000-10008,2026-08-06 15:38:00,204,voice
P007,P028,+91-90000-10007,+91-90000-10028,2026-06-22 02:42:00,727,voice
P025,P023,+91-90000-10025,+91-90000-10023,2026-06-09 13:06:00,59,voice
P002,P005,+91-90000-10002,+91-90000-10005,2026-07-01 16:55:00,140,voice
P034,P036,+91-90000-10034,+91-90000-10036,2026-06-05 03:41:00,670,voice
P040,P010,+91-90000-10040,+91-90000-10010,2026-07-17 16:19:00,554,voice
P013,P027,+91-90000-10013,+91-90000-10027,2026-08-17 16:33:00,452,voice
P039,P013,+91-90000-10039,+91-90000-10013,2026-07-20 21:29:00,476,voice
P001,P004,+91-90000-10001,+91-90000-10004,2026-08-04 04:58:00,295,voice
P009,P008,+91-90000-10009,+91-90000-10008,2026-06-05 08:29:00,689,voice
P001,P006,+91-90000-10001,+91-90000-10006,2026-08-04 01:21:00,275,voice
P017,P005,+91-90000-10017,+91-90000-10005,2026-08-21 12:01:00,77,voice
P009,P010,+91-90000-10009,+91-90000-10010,2026-08-16 15:59:00,286,voice
P005,P002,+91-90000-10005,+91-90000-10002,2026-07-02 22:44:00,651,voice
P006,P003,+91-90000-10006,+91-90000-10003,2026-08-11 00:05:00,312,voice
P009,P010,+91-90000-10009,+91-90000-10010,2026-06-15 08:50:00,792,voice
P006,P004,+91-90000-10006,+91-90000-10004,2026-06-06 08:49:00,634,voice
P003,P005,+91-90000-10003,+91-90000-10005,2026-07-18 19:26:00,129,voice
P007,P006,+91-90000-10007,+91-90000-10006,2026-06-09 19:05:00,533,voice
P002,P004,+91-90000-10002,+91-90000-10004,2026-07-01 21:36:00,589,voice
P002,P003,+91-90000-10002,+91-90000-10003,2026-06-15 22:32:00,825,voice
P001,P006,+91-90000-10001,+91-90000-10006,2026-06-02 21:01:00,298,voice
P008,P007,+91-90000-10008,+91-90000-10007,2026-06-13 02:25:00,225,voice
P028,P006,+91-90000-10028,+91-90000-10006,2026-08-21 05:46:00,660,voice
P004,P005,+91-90000-10004,+91-90000-10005,2026-08-16 04:41:00,896,voice
P010,P008,+91-90000-10010,+91-90000-10008,2026-07-07 11:01:00,384,voice
P005,P002,+91-90000-10005,+91-90000-10002,2026-06-23 21:18:00,547,voice
P015,P014,+91-90000-10015,+91-90000-10014,2026-08-23 18:45:00,493,voice
P002,P006,+91-90000-10002,+91-90000-10006,2026-07-04 20:05:00,590,voice
P009,P033,+91-90000-10009,+91-90000-10033,2026-07-27 18:02:00,822,voice
P001,P005,+91-90000-10001,+91-90000-10005,2026-06-01 23:42:00,266,voice
P003,P001,+91-90000-10003,+91-90000-10001,2026-08-19 19:42:00,351,voice
P022,P046,+91-90000-10022,+91-90000-10046,2026-08-09 14:13:00,596,voice
P003,P001,+91-90000-10003,+91-90000-10001,2026-06-08 01:11:00,65,voice
P006,P009,+91-90000-10006,+91-90000-10009,2026-07-16 08:55:00,162,voice
P033,P032,+91-90000-10033,+91-90000-10032,2026-06-25 03:15:00,879,voice
P010,P009,+91-90000-10010,+91-90000-10009,2026-08-26 20:15:00,478,voice
P007,P010,+91-90000-10007,+91-90000-10010,2026-07-12 01:29:00,630,voice
P008,P006,+91-90000-10008,+91-90000-10006,2026-08-16 20:30:00,675,voice
P007,P006,+91-90000-10007,+91-90000-10006,2026-07-01 04:04:00,774,voice
P003,P006,+91-90000-10003,+91-90000-10006,2026-07-15 10:38:00,665,voice
P037,P033,+91-90000-10037,+91-90000-10033,2026-07-09 12:08:00,882,voice
P004,P021,+91-90000-10004,+91-90000-10021,2026-07-09 22:32:00,334,voice
P005,P004,+91-90000-10005,+91-90000-10004,2026-08-14 17:45:00,49,voice
P009,P024,+91-90000-10009,+91-90000-10024,2026-07-20 09:24:00,303,voice
P006,P004,+91-90000-10006,+91-90000-10004,2026-08-20 22:51:00,28,voice
P007,P010,+91-90000-10007,+91-90000-10010,2026-08-27 04:59:00,710,voice
P001,P002,+91-90000-10001,+91-90000-10002,2026-08-26 13:11:00,500,voice
P007,P010,+91-90000-10007,+91-90000-10010,2026-07-15 15:39:00,857,voice
P010,P007,+91-90000-10010,+91-90000-10007,2026-07-03 06:52:00,652,voice
P001,P002,+91-90000-10001,+91-90000-10002,2026-08-09 00:21:00,231,voice
P006,P009,+91-90000-10006,+91-90000-10009,2026-08-04 17:33:00,875,voice
P006,P008,+91-90000-10006,+91-90000-10008,2026-06-09 18:32:00,321,voice
P010,P008,+91-90000-10010,+91-90000-10008,2026-06-21 23:46:00,528,voice
P008,P009,+91-90000-10008,+91-90000-10009,2026-06-18 05:45:00,416,voice
P001,P003,+91-90000-10001,+91-90000-10003,2026-07-09 08:37:00,467,voice
P009,P008,+91-90000-10009,+91-90000-10008,2026-06-20 09:17:00,301,voice
P003,P004,+91-90000-10003,+91-90000-10004,2026-08-01 13:59:00,886,voice
P035,P014,+91-90000-10035,+91-90000-10014,2026-08-13 07:28:00,192,voice
P004,P046,+91-90000-10004,+91-90000-10046,2026-06-25 12:49:00,590,voice
P007,P006,+91-90000-10007,+91-90000-10006,2026-06-20 17:54:00,100,voice
P001,P006,+91-90000-10001,+91-90000-10006,2026-07-11 14:51:00,297,voice
P008,P010,+91-90000-10008,+91-90000-10010,2026-07-22 07:08:00,165,voice
P034,P022,+91-90000-10034,+91-90000-10022,2026-07-08 02:31:00,752,voice
P016,P023,+91-90000-10016,+91-90000-10023,2026-08-17 04:44:00,245,voice
P007,P008,+91-90000-10007,+91-90000-10008,2026-06-11 17:35:00,78,voice
P007,P009,+91-90000-10007,+91-90000-10009,2026-06-22 12:39:00,331,voice
P003,P001,+91-90000-10003,+91-90000-10001,2026-07-17 16:35:00,562,voice
P003,P002,+91-90000-10003,+91-90000-10002,2026-08-19 08:25:00,230,voice
P006,P002,+91-90000-10006,+91-90000-10002,2026-06-19 10:38:00,812,voice
P001,P002,+91-90000-10001,+91-90000-10002,2026-08-09 08:41:00,813,voice
P010,P009,+91-90000-10010,+91-90000-10009,2026-07-16 14:56:00,78,voice
P006,P007,+91-90000-10006,+91-90000-10007,2026-07-04 19:54:00,192,voice
P003,P005,+91-90000-10003,+91-90000-10005,2026-07-21 14:56:00,554,voice
P006,P003,+91-90000-10006,+91-90000-10003,2026-07-07 10:37:00,705,voice
P023,P029,+91-90000-10023,+91-90000-10029,2026-07-18 07:50:00,198,voice
P007,P008,+91-90000-10007,+91-90000-10008,2026-08-08 13:41:00,795,voice
P005,P006,+91-90000-10005,+91-90000-10006,2026-06-22 19:56:00,637,voice
P004,P005,+91-90000-10004,+91-90000-10005,2026-06-11 06:09:00,849,voice
P005,P001,+91-90000-10005,+91-90000-10001,2026-08-15 05:51:00,554,voice
P005,P002,+91-90000-10005,+91-90000-10002,2026-07-03 21:02:00,808,voice
P010,P009,+91-90000-10010,+91-90000-10009,2026-08-23 04:28:00,38,voice
P010,P007,+91-90000-10010,+91-90000-10007,2026-08-13 11:28:00,601,voice
P008,P007,+91-90000-10008,+91-90000-10007,2026-06-23 21:51:00,538,voice
P006,P003,+91-90000-10006,+91-90000-10003,2026-06-02 20:53:00,303,voice
P004,P005,+91-90000-10004,+91-90000-10005,2026-07-11 17:56:00,749,voice
P008,P007,+91-90000-10008,+91-90000-10007,2026-07-14 03:07:00,21,voice
P006,P007,+91-90000-10006,+91-90000-10007,2026-06-27 02:33:00,568,voice
P001,P003,+91-90000-10001,+91-90000-10003,2026-06-21 09:25:00,406,voice
P005,P006,+91-90000-10005,+91-90000-10006,2026-06-24 02:00:00,608,voice
P003,P001,+91-90000-10003,+91-90000-10001,2026-08-14 15:25:00,215,voice
P025,P006,+91-90000-10025,+91-90000-10006,2026-06-21 19:46:00,789,voice
P005,P002,+91-90000-10005,+91-90000-10002,2026-08-01 22:20:00,676,voice
P009,P007,+91-90000-10009,+91-90000-10007,2026-07-17 11:03:00,510,voice
P020,P036,+91-90000-10020,+91-90000-10036,2026-07-11 03:32:00,346,voice
P004,P002,+91-90000-10004,+91-90000-10002,2026-08-13 14:30:00,324,voice
P001,P006,+91-90000-10001,+91-90000-10006,2026-06-09 13:28:00,818,voice
P009,P010,+91-90000-10009,+91-90000-10010,2026-06-22 19:29:00,121,voice
P002,P006,+91-90000-10002,+91-90000-10006,2026-06-17 07:44:00,41,voice
P014,P021,+91-90000-10014,+91-90000-10021,2026-08-20 03:46:00,215,voice
P001,P006,+91-90000-10001,+91-90000-10006,2026-08-18 06:37:00,366,voice
P006,P004,+91-90000-10006,+91-90000-10004,2026-08-05 11:39:00,468,voice
P001,P004,+91-90000-10001,+91-90000-10004,2026-07-02 08:32:00,229,voice
P024,P045,+91-90000-10024,+91-90000-10045,2026-06-10 04:33:00,464,voice
P002,P003,+91-90000-10002,+91-90000-10003,2026-07-03 19:29:00,804,voice
P003,P005,+91-90000-10003,+91-90000-10005,2026-07-10 16:15:00,412,voice
P005,P006,+91-90000-10005,+91-90000-10006,2026-07-02 01:53:00,729,voice
P005,P001,+91-90000-10005,+91-90000-10001,2026-08-03 11:14:00,393,voice
P018,P002,+91-90000-10018,+91-90000-10002,2026-06-05 22:11:00,367,voice
P001,P005,+91-90000-10001,+91-90000-10005,2026-08-11 12:59:00,178,voice
P005,P003,+91-90000-10005,+91-90000-10003,2026-08-27 16:52:00,261,voice
P027,P009,+91-90000-10027,+91-90000-10009,2026-06-18 14:01:00,54,voice
P009,P008,+91-90000-10009,+91-90000-10008,2026-08-03 08:00:00,335,voice
P047,P042,+91-90000-10047,+91-90000-10042,2026-07-26 11:36:00,431,voice
P004,P003,+91-90000-10004,+91-90000-10003,2026-06-26 19:18:00,185,voice
P009,P008,+91-90000-10009,+91-90000-10008,2026-06-17 08:15:00,608,voice
P045,P035,+91-90000-10045,+91-90000-10035,2026-07-27 08:40:00,379,voice
P009,P006,+91-90000-10009,+91-90000-10006,2026-07-15 16:45:00,614,voice
P020,P022,+91-90000-10020,+91-90000-10022,2026-06-26 18:19:00,492,voice
P015,P009,+91-90000-10015,+91-90000-10009,2026-06-27 19:31:00,231,voice
P005,P002,+91-90000-10005,+91-90000-10002,2026-08-12 21:00:00,241,voice
P002,P003,+91-90000-10002,+91-90000-10003,2026-06-16 12:12:00,374,voice
P009,P008,+91-90000-10009,+91-90000-10008,2026-06-08 07:33:00,462,voice
P032,P009,+91-90000-10032,+91-90000-10009,2026-06-22 23:28:00,841,voice
P007,P008,+91-90000-10007,+91-90000-10008,2026-06-15 15:33:00,693,voice
P009,P008,+91-90000-10009,+91-90000-10008,2026-06-08 21:50:00,193,voice
P009,P006,+91-90000-10009,+91-90000-10006,2026-06-26 22:22:00,692,voice
P010,P008,+91-90000-10010,+91-90000-10008,2026-07-25 22:06:00,755,voice
P008,P007,+91-90000-10008,+91-90000-10007,2026-08-06 14:06:00,69,voice
P005,P002,+91-90000-10005,+91-90000-10002,2026-08-12 07:10:00,744,voice
P004,P005,+91-90000-10004,+91-90000-10005,2026-07-21 05:50:00,30,voice
P005,P003,+91-90000-10005,+91-90000-10003,2026-08-03 22:37:00,615,voice
P010,P009,+91-90000-10010,+91-90000-10009,2026-07-14 09:56:00,726,voice
P005,P003,+91-90000-10005,+91-90000-10003,2026-08-07 16:34:00,593,voice
P006,P001,+91-90000-10006,+91-90000-10001,2026-08-11 23:17:00,649,voice
P005,P003,+91-90000-10005,+91-90000-10003,2026-08-04 09:43:00,591,voice
P009,P010,+91-90000-10009,+91-90000-10010,2026-06-07 23:29:00,130,voice
P015,P010,+91-90000-10015,+91-90000-10010,2026-07-08 23:35:00,754,voice
P010,P037,+91-90000-10010,+91-90000-10037,2026-06-09 12:40:00,279,voice
P006,P007,+91-90000-10006,+91-90000-10007,2026-06-03 04:11:00,582,voice
P008,P010,+91-90000-10008,+91-90000-10010,2026-08-02 22:19:00,669,voice
P002,P001,+91-90000-10002,+91-90000-10001,2026-06-09 01:26:00,669,voice
P004,P003,+91-90000-10004,+91-90000-10003,2026-07-18 02:13:00,114,voice
P004,P006,+91-90000-10004,+91-90000-10006,2026-08-08 03:03:00,345,voice
P012,P011,+91-90000-10012,+91-90000-10011,2026-08-14 18:52:00,740,voice
P018,P007,+91-90000-10018,+91-90000-10007,2026-08-09 09:03:00,139,voice
P013,P025,+91-90000-10013,+91-90000-10025,2026-08-10 03:04:00,436,voice
P005,P002,+91-90000-10005,+91-90000-10002,2026-08-26 19:29:00,470,voice
P006,P002,+91-90000-10006,+91-90000-10002,2026-07-12 11:55:00,363,voice
P015,P029,+91-90000-10015,+91-90000-10029,2026-08-26 19:23:00,730,voice
P004,P003,+91-90000-10004,+91-90000-10003,2026-07-05 03:50:00,588,voice
P012,P008,+91-90000-10012,+91-90000-10008,2026-08-03 12:52:00,860,voice
P001,P017,+91-90000-10001,+91-90000-10017,2026-08-25 14:08:00,872,voice
P006,P010,+91-90000-10006,+91-90000-10010,2026-07-03 16:47:00,491,voice
P003,P002,+91-90000-10003,+91-90000-10002,2026-08-21 06:47:00,104,voice
P001,P006,+91-90000-10001,+91-90000-10006,2026-07-13 18:06:00,825,voice
P010,P030,+91-90000-10010,+91-90000-10030,2026-08-23 16:55:00,121,voice
P007,P008,+91-90000-10007,+91-90000-10008,2026-06-22 06:33:00,693,voice
P006,P008,+91-90000-10006,+91-90000-10008,2026-08-16 21:34:00,180,voice
P007,P010,+91-90000-10007,+91-90000-10010,2026-07-27 07:00:00,637,voice
P002,P005,+91-90000-10002,+91-90000-10005,2026-06-20 00:53:00,224,voice
P048,P026,+91-90000-10048,+91-90000-10026,2026-07-04 22:22:00,386,voice
P027,P039,+91-90000-10027,+91-90000-10039,2026-07-27 13:01:00,242,voice
P005,P013,+91-90000-10005,+91-90000-10013,2026-08-11 03:09:00,71,voice
P007,P010,+91-90000-10007,+91-90000-10010,2026-08-08 19:06:00,470,voice
P006,P004,+91-90000-10006,+91-90000-10004,2026-06-05 17:18:00,450,voice
P002,P001,+91-90000-10002,+91-90000-10001,2026-06-25 00:20:00,359,voice
P027,P040,+91-90000-10027,+91-90000-10040,2026-08-08 15:48:00,113,voice
P008,P041,+91-90000-10008,+91-90000-10041,2026-08-19 12:27:00,105,voice
P004,P003,+91-90000-10004,+91-90000-10003,2026-07-02 09:08:00,295,voice
P028,P002,+91-90000-10028,+91-90000-10002,2026-06-18 18:27:00,251,voice
P010,P007,+91-90000-10010,+91-90000-10007,2026-07-04 12:38:00,652,voice
P006,P009,+91-90000-10006,+91-90000-10009,2026-08-11 20:24:00,155,voice
P008,P007,+91-90000-10008,+91-90000-10007,2026-08-04 08:10:00,401,voice
P009,P007,+91-90000-10009,+91-90000-10007,2026-07-06 22:53:00,130,voice
P006,P004,+91-90000-10006,+91-90000-10004,2026-07-15 10:26:00,445,voice
P009,P010,+91-90000-10009,+91-90000-10010,2026-08-17 12:36:00,686,voice
P029,P011,+91-90000-10029,+91-90000-10011,2026-08-22 20:42:00,421,voice
P002,P001,+91-90000-10002,+91-90000-10001,2026-06-04 03:10:00,769,voice
P007,P006,+91-90000-10007,+91-90000-10006,2026-08-07 09:51:00,537,voice
P038,P044,+91-90000-10038,+91-90000-10044,2026-07-16 06:22:00,387,voice
P003,P006,+91-90000-10003,+91-90000-10006,2026-08-02 17:00:00,250,voice
P002,P005,+91-90000-10002,+91-90000-10005,2026-06-04 22:32:00,454,voice
P009,P006,+91-90000-10009,+91-90000-10006,2026-06-09 03:03:00,697,voice
P007,P010,+91-90000-10007,+91-90000-10010,2026-07-10 07:49:00,718,voice
P040,P001,+91-90000-10040,+91-90000-10001,2026-08-02 11:03:00,387,voice
P005,P006,+91-90000-10005,+91-90000-10006,2026-08-03 20:20:00,416,voice
P004,P001,+91-90000-10004,+91-90000-10001,2026-07-27 02:19:00,730,voice
P032,P013,+91-90000-10032,+91-90000-10013,2026-06-11 13:37:00,248,voice
P004,P006,+91-90000-10004,+91-90000-10006,2026-07-20 02:34:00,175,voice
P009,P007,+91-90000-10009,+91-90000-10007,2026-06-01 09:55:00,332,voice
P006,P010,+91-90000-10006,+91-90000-10010,2026-06-24 00:06:00,374,voice
P002,P001,+91-90000-10002,+91-90000-10001,2026-07-04 01:49:00,811,voice
P008,P009,+91-90000-10008,+91-90000-10009,2026-07-02 04:09:00,598,voice
P001,P004,+91-90000-10001,+91-90000-10004,2026-07-11 12:46:00,420,voice
P005,P001,+91-90000-10005,+91-90000-10001,2026-08-06 02:57:00,660,voice
P007,P009,+91-90000-10007,+91-90000-10009,2026-08-21 19:29:00,355,voice
P001,P006,+91-90000-10001,+91-90000-10006,2026-07-20 07:00:00,636,voice
P010,P006,+91-90000-10010,+91-90000-10006,2026-08-16 02:17:00,626,voice
P028,P033,+91-90000-10028,+91-90000-10033,2026-06-09 11:58:00,461,voice
P044,P023,+91-90000-10044,+91-90000-10023,2026-08-25 00:37:00,712,voice
P007,P003,+91-90000-10007,+91-90000-10003,2026-06-03 16:10:00,294,voice
P003,P005,+91-90000-10003,+91-90000-10005,2026-07-22 06:09:00,275,voice
P046,P005,+91-90000-10046,+91-90000-10005,2026-06-15 18:16:00,820,voice
P009,P007,+91-90000-10009,+91-90000-10007,2026-06-09 11:17:00,355,voice
P007,P009,+91-90000-10007,+91-90000-10009,2026-08-04 23:56:00,403,voice
P009,P007,+91-90000-10009,+91-90000-10007,2026-08-12 05:26:00,148,voice
P002,P001,+91-90000-10002,+91-90000-10001,2026-07-11 12:44:00,221,voice
P009,P008,+91-90000-10009,+91-90000-10008,2026-07-27 04:25:00,465,voice
P002,P032,+91-90000-10002,+91-90000-10032,2026-06-13 19:31:00,585,voice
P036,P042,+91-90000-10036,+91-90000-10042,2026-06-05 18:25:00,27,voice
P006,P003,+91-90000-10006,+91-90000-10003,2026-07-22 15:05:00,841,voice
P010,P006,+91-90000-10010,+91-90000-10006,2026-08-26 18:04:00,86,voice
P003,P004,+91-90000-10003,+91-90000-10004,2026-08-20 04:50:00,895,voice
P004,P002,+91-90000-10004,+91-90000-10002,2026-07-13 11:53:00,715,voice
P010,P009,+91-90000-10010,+91-90000-10009,2026-07-05 23:00:00,384,voice
P010,P006,+91-90000-10010,+91-90000-10006,2026-07-06 04:53:00,822,voice
P005,P006,+91-90000-10005,+91-90000-10006,2026-06-10 13:20:00,506,voice
P032,P009,+91-90000-10032,+91-90000-10009,2026-06-22 21:52:00,883,voice
P028,P041,+91-90000-10028,+91-90000-10041,2026-06-05 09:16:00,834,voice
P006,P007,+91-90000-10006,+91-90000-10007,2026-06-04 21:20:00,376,voice
P010,P009,+91-90000-10010,+91-90000-10009,2026-08-09 19:25:00,793,voice
P004,P002,+91-90000-10004,+91-90000-10002,2026-08-16 04:49:00,318,voice
P009,P006,+91-90000-10009,+91-90000-10006,2026-07-07 00:02:00,695,voice
P001,P005,+91-90000-10001,+91-90000-10005,2026-06-23 09:00:00,66,voice
P010,P006,+91-90000-10010,+91-90000-10006,2026-06-25 20:01:00,533,voice
P004,P003,+91-90000-10004,+91-90000-10003,2026-07-04 00:49:00,577,voice
P009,P006,+91-90000-10009,+91-90000-10006,2026-06-27 09:52:00,621,voice
P005,P006,+91-90000-10005,+91-90000-10006,2026-06-15 00:37:00,16,voice
P006,P004,+91-90000-10006,+91-90000-10004,2026-08-23 20:37:00,766,voice
P001,P003,+91-90000-10001,+91-90000-10003,2026-06-06 23:18:00,342,voice
P009,P008,+91-90000-10009,+91-90000-10008,2026-08-14 10:37:00,336,voice
P010,P009,+91-90000-10010,+91-90000-10009,2026-07-18 20:36:00,861,voice
P003,P001,+91-90000-10003,+91-90000-10001,2026-07-24 05:35:00,74,voice
P005,P004,+91-90000-10005,+91-90000-10004,2026-07-13 23:57:00,343,voice
P006,P004,+91-90000-10006,+91-90000-10004,2026-07-18 17:16:00,629,voice
P003,P005,+91-90000-10003,+91-90000-10005,2026-06-05 19:10:00,421,voice
P005,P003,+91-90000-10005,+91-90000-10003,2026-06-24 04:16:00,879,voice
P009,P008,+91-90000-10009,+91-90000-10008,2026-07-02 13:25:00,512,voice
P006,P007,+91-90000-10006,+91-90000-10007,2026-06-10 20:25:00,54,voice
P001,P005,+91-90000-10001,+91-90000-10005,2026-08-20 01:16:00,509,voice
P047,P039,+91-90000-10047,+91-90000-10039,2026-07-10 08:37:00,532,voice
P006,P008,+91-90000-10006,+91-90000-10008,2026-06-23 09:25:00,693,voice
P006,P018,+91-90000-10006,+91-90000-10018,2026-08-19 22:30:00,810,voice
P006,P009,+91-90000-10006,+91-90000-10009,2026-08-07 22:38:00,810,voice
P006,P008,+91-90000-10006,+91-90000-10008,2026-06-27 03:58:00,894,voice
P009,P006,+91-90000-10009,+91-90000-10006,2026-08-13 22:00:00,248,voice
P003,P005,+91-90000-10003,+91-90000-10005,2026-06-15 23:52:00,288,voice
P022,P015,+91-90000-10022,+91-90000-10015,2026-08-02 09:59:00,300,voice
P001,P006,+91-90000-10001,+91-90000-10006,2026-06-18 07:22:00,781,voice
P046,P045,+91-90000-10046,+91-90000-10045,2026-08-26 01:56:00,891,voice
P005,P003,+91-90000-10005,+91-90000-10003,2026-08-22 01:48:00,369,voice
P037,P036,+91-90000-10037,+91-90000-10036,2026-07-25 02:01:00,736,voice
P009,P012,+91-90000-10009,+91-90000-10012,2026-07-11 08:45:00,396,voice
P006,P010,+91-90000-10006,+91-90000-10010,2026-06-14 10:27:00,409,voice
P032,P034,+91-90000-10032,+91-90000-10034,2026-08-24 14:32:00,663,voice
P004,P005,+91-90000-10004,+91-90000-10005,2026-08-14 02:09:00,697,voice
P002,P006,+91-90000-10002,+91-90000-10006,2026-08-05 06:45:00,395,voice
P006,P008,+91-90000-10006,+91-90000-10008,2026-06-06 19:37:00,867,voice
P007,P008,+91-90000-10007,+91-90000-10008,2026-08-11 21:28:00,267,voice
P010,P007,+91-90000-10010,+91-90000-10007,2026-06-05 14:39:00,692,voice
P004,P001,+91-90000-10004,+91-90000-10001,2026-06-23 02:58:00,549,voice
P036,P049,+91-90000-10036,+91-90000-10049,2026-06-27 23:52:00,25,voice
P009,P007,+91-90000-10009,+91-90000-10007,2026-06-19 10:29:00,257,voice
P028,P010,+91-90000-10028,+91-90000-10010,2026-08-16 19:38:00,839,voice
P004,P002,+91-90000-10004,+91-90000-10002,2026-06-07 00:09:00,239,voice
P007,P006,+91-90000-10007,+91-90000-10006,2026-06-05 22:17:00,650,voice
P008,P010,+91-90000-10008,+91-90000-10010,2026-06-21 21:39:00,660,voice
P003,P005,+91-90000-10003,+91-90000-10005,2026-06-14 04:10:00,429,voice
P010,P008,+91-90000-10010,+91-90000-10008,2026-06-03 09:52:00,489,voice
P023,P006,+91-90000-10023,+91-90000-10006,2026-06-08 01:43:00,762,voice
P004,P005,+91-90000-10004,+91-90000-10005,2026-08-03 01:12:00,748,voice
P040,P027,+91-90000-10040,+91-90000-10027,2026-06-15 08:09:00,271,voice
P014,P002,+91-90000-10014,+91-90000-10002,2026-07-22 08:01:00,713,voice
P007,P006,+91-90000-10007,+91-90000-10006,2026-06-06 00:20:00,831,voice
P035,P026,+91-90000-10035,+91-90000-10026,2026-06-20 09:54:00,391,voice
P005,P002,+91-90000-10005,+91-90000-10002,2026-08-07 23:04:00,466,voice
P001,P003,+91-90000-10001,+91-90000-10003,2026-07-21 10:39:00,120,voice
P006,P009,+91-90000-10006,+91-90000-10009,2026-08-27 12:40:00,636,voice
P003,P006,+91-90000-10003,+91-90000-10006,2026-08-22 23:27:00,651,voice
P007,P008,+91-90000-10007,+91-90000-10008,2026-06-10 19:02:00,663,voice
P023,P036,+91-90000-10023,+91-90000-10036,2026-07-27 15:37:00,245,voice
P043,P040,+91-90000-10043,+91-90000-10040,2026-07-18 10:40:00,285,voice
P011,P050,+91-90000-10011,+91-90000-10050,2026-08-10 17:14:00,43,voice
P007,P006,+91-90000-10007,+91-90000-10006,2026-07-13 23:31:00,189,voice
P006,P003,+91-90000-10006,+91-90000-10003,2026-07-16 23:45:00,851,voice
P005,P002,+91-90000-10005,+91-90000-10002,2026-08-25 14:44:00,199,voice
P003,P002,+91-90000-10003,+91-90000-10002,2026-06-12 08:41:00,798,voice
P005,P004,+91-90000-10005,+91-90000-10004,2026-08-21 06:44:00,527,voice
P031,P033,+91-90000-10031,+91-90000-10033,2026-08-19 02:49:00,740,voice
P023,P028,+91-90000-10023,+91-90000-10028,2026-07-25 04:06:00,396,voice
P037,P007,+91-90000-10037,+91-90000-10007,2026-07-13 04:07:00,614,voice
P004,P006,+91-90000-10004,+91-90000-10006,2026-06-09 03:10:00,574,voice
P007,P010,+91-90000-10007,+91-90000-10010,2026-08-27 01:52:00,524,voice
P002,P025,+91-90000-10002,+91-90000-10025,2026-07-23 15:37:00,359,voice
P003,P006,+91-90000-10003,+91-90000-10006,2026-06-27 18:01:00,525,voice
P006,P001,+91-90000-10006,+91-90000-10001,2026-06-13 11:31:00,184,voice
P002,P005,+91-90000-10002,+91-90000-10005,2026-06-14 15:57:00,845,voice
P005,P004,+91-90000-10005,+91-90000-10004,2026-08-22 05:11:00,711,voice
P008,P010,+91-90000-10008,+91-90000-10010,2026-08-03 14:46:00,723,voice
P007,P006,+91-90000-10007,+91-90000-10006,2026-08-09 17:55:00,283,voice
P006,P008,+91-90000-10006,+91-90000-10008,2026-07-04 07:26:00,415,voice
P046,P001,+91-90000-10046,+91-90000-10001,2026-06-12 18:00:00,457,voice
P006,P008,+91-90000-10006,+91-90000-10008,2026-08-25 21:45:00,746,voice
P007,P009,+91-90000-10007,+91-90000-10009,2026-08-26 20:27:00,369,voice
P003,P006,+91-90000-10003,+91-90000-10006,2026-07-23 15:17:00,78,voice
P004,P003,+91-90000-10004,+91-90000-10003,2026-06-11 22:11:00,517,voice
P007,P006,+91-90000-10007,+91-90000-10006,2026-07-22 22:44:00,74,voice
P003,P006,+91-90000-10003,+91-90000-10006,2026-08-10 18:41:00,151,voice
P009,P007,+91-90000-10009,+91-90000-10007,2026-07-12 00:36:00,158,voice
P022,P027,+91-90000-10022,+91-90000-10027,2026-08-07 14:46:00,796,voice
P036,P031,+91-90000-10036,+91-90000-10031,2026-08-19 09:42:00,87,voice
P006,P008,+91-90000-10006,+91-90000-10008,2026-08-26 21:56:00,813,voice
P008,P009,+91-90000-10008,+91-90000-10009,2026-06-17 23:21:00,632,voice
P004,P002,+91-90000-10004,+91-90000-10002,2026-06-07 22:44:00,220,voice
P007,P006,+91-90000-10007,+91-90000-10006,2026-08-15 01:30:00,645,voice
P004,P005,+91-90000-10004,+91-90000-10005,2026-08-22 00:21:00,756,voice
P021,P012,+91-90000-10021,+91-90000-10012,2026-06-10 11:13:00,578,voice
P010,P007,+91-90000-10010,+91-90000-10007,2026-06-23 08:22:00,881,voice
P006,P009,+91-90000-10006,+91-90000-10009,2026-07-24 00:13:00,727,voice
P006,P009,+91-90000-10006,+91-90000-10009,2026-08-17 12:26:00,189,voice
P009,P006,+91-90000-10009,+91-90000-10006,2026-08-26 11:00:00,411,voice
P041,P030,+91-90000-10041,+91-90000-10030,2026-06-20 19:26:00,242,voice
P007,P009,+91-90000-10007,+91-90000-10009,2026-06-25 15:57:00,824,voice
P005,P003,+91-90000-10005,+91-90000-10003,2026-06-03 06:16:00,223,voice
P013,P034,+91-90000-10013,+91-90000-10034,2026-06-19 09:31:00,553,voice
P009,P010,+91-90000-10009,+91-90000-10010,2026-07-09 23:22:00,293,voice
P009,P006,+91-90000-10009,+91-90000-10006,2026-08-26 19:21:00,400,voice
P003,P001,+91-90000-10003,+91-90000-10001,2026-08-11 10:54:00,198,voice
P005,P004,+91-90000-10005,+91-90000-10004,2026-07-07 07:09:00,468,voice
P012,P043,+91-90000-10012,+91-90000-10043,2026-08-24 06:26:00,494,voice
P003,P001,+91-90000-10003,+91-90000-10001,2026-08-07 17:45:00,638,voice
P006,P010,+91-90000-10006,+91-90000-10010,2026-06-09 15:20:00,49,voice
P002,P005,+91-90000-10002,+91-90000-10005,2026-08-12 14:50:00,246,voice
P019,P023,+91-90000-10019,+91-90000-10023,2026-07-25 05:07:00,715,voice
P026,P036,+91-90000-10026,+91-90000-10036,2026-06-19 18:57:00,672,voice
P037,P049,+91-90000-10037,+91-90000-10049,2026-06-21 05:32:00,687,voice
P006,P008,+91-90000-10006,+91-90000-10008,2026-07-04 22:07:00,853,voice
P008,P007,+91-90000-10008,+91-90000-10007,2026-06-23 07:04:00,76,voice
P040,P018,+91-90000-10040,+91-90000-10018,2026-06-19 04:15:00,166,voice
P035,P026,+91-90000-10035,+91-90000-10026,2026-07-25 10:17:00,101,voice
P009,P008,+91-90000-10009,+91-90000-10008,2026-07-19 14:50:00,825,voice
P018,P036,+91-90000-10018,+91-90000-10036,2026-08-22 11:44:00,122,voice
P001,P004,+91-90000-10001,+91-90000-10004,2026-06-20 05:50:00,378,voice
P008,P031,+91-90000-10008,+91-90000-10031,2026-06-24 00:20:00,37,voice
P008,P006,+91-90000-10008,+91-90000-10006,2026-07-18 20:55:00,757,voice
P007,P006,+91-90000-10007,+91-90000-10006,2026-06-26 17:58:00,155,voice
P021,P002,+91-90000-10021,+91-90000-10002,2026-08-12 06:25:00,22,voice
P030,P013,+91-90000-10030,+91-90000-10013,2026-06-18 04:48:00,883,voice
P038,P010,+91-90000-10038,+91-90000-10010,2026-08-01 19:33:00,558,voice
P005,P002,+91-90000-10005,+91-90000-10002,2026-08-04 08:37:00,446,voice
P006,P007,+91-90000-10006,+91-90000-10007,2026-06-24 18:33:00,858,voice
P006,P004,+91-90000-10006,+91-90000-10004,2026-08-11 11:51:00,141,voice
P010,P009,+91-90000-10010,+91-90000-10009,2026-06-06 15:05:00,95,voice
P003,P002,+91-90000-10003,+91-90000-10002,2026-06-08 00:35:00,326,voice
P009,P008,+91-90000-10009,+91-90000-10008,2026-06-22 11:57:00,166,voice
P007,P008,+91-90000-10007,+91-90000-10008,2026-06-04 02:15:00,713,voice
P006,P010,+91-90000-10006,+91-90000-10010,2026-08-20 09:42:00,17,voice
P036,P029,+91-90000-10036,+91-90000-10029,2026-08-08 10:59:00,851,voice
P005,P002,+91-90000-10005,+91-90000-10002,2026-08-20 03:29:00,140,voice
P002,P004,+91-90000-10002,+91-90000-10004,2026-06-05 15:10:00,309,voice
P049,P033,+91-90000-10049,+91-90000-10033,2026-08-13 19:42:00,162,voice
P019,P031,+91-90000-10019,+91-90000-10031,2026-08-14 06:36:00,381,voice
P002,P034,+91-90000-10002,+91-90000-10034,2026-08-24 05:53:00,163,voice
P006,P002,+91-90000-10006,+91-90000-10002,2026-06-02 11:18:00,583,voice
P044,P009,+91-90000-10044,+91-90000-10009,2026-07-15 08:21:00,234,voice
P006,P005,+91-90000-10006,+91-90000-10005,2026-08-10 15:35:00,523,voice
P007,P006,+91-90000-10007,+91-90000-10006,2026-08-22 19:43:00,418,voice
P003,P001,+91-90000-10003,+91-90000-10001,2026-06-12 22:40:00,473,voice
P047,P017,+91-90000-10047,+91-90000-10017,2026-08-03 10:49:00,210,voice
P044,P049,+91-90000-10044,+91-90000-10049,2026-07-15 13:07:00,136,voice
P006,P004,+91-90000-10006,+91-90000-10004,2026-08-15 13:37:00,458,voice
P010,P049,+91-90000-10010,+91-90000-10049,2026-07-01 20:02:00,773,voice
P002,P001,+91-90000-10002,+91-90000-10001,2026-08-03 11:18:00,852,voice
P007,P010,+91-90000-10007,+91-90000-10010,2026-08-07 12:25:00,27,voice
P040,P029,+91-90000-10040,+91-90000-10029,2026-06-14 23:42:00,39,voice
P020,P036,+91-90000-10020,+91-90000-10036,2026-06-01 05:28:00,332,voice
P039,P046,+91-90000-10039,+91-90000-10046,2026-07-19 08:41:00,856,voice
P004,P006,+91-90000-10004,+91-90000-10006,2026-06-27 04:07:00,86,voice
P007,P008,+91-90000-10007,+91-90000-10008,2026-06-01 21:09:00,146,voice
P009,P007,+91-90000-10009,+91-90000-10007,2026-06-27 03:51:00,887,voice
P010,P006,+91-90000-10010,+91-90000-10006,2026-08-20 14:49:00,852,voice
P007,P006,+91-90000-10007,+91-90000-10006,2026-06-09 04:55:00,270,voice
P021,P007,+91-90000-10021,+91-90000-10007,2026-07-26 09:39:00,70,voice
P007,P008,+91-90000-10007,+91-90000-10008,2026-07-26 01:28:00,58,voice
P008,P010,+91-90000-10008,+91-90000-10010,2026-06-18 08:25:00,698,voice
P009,P007,+91-90000-10009,+91-90000-10007,2026-06-27 21:32:00,420,voice
P007,P010,+91-90000-10007,+91-90000-10010,2026-07-12 20:05:00,870,voice
P007,P009,+91-90000-10007,+91-90000-10009,2026-07-21 23:47:00,16,voice
P001,P005,+91-90000-10001,+91-90000-10005,2026-08-03 20:07:00,678,voice
P048,P027,+91-90000-10048,+91-90000-10027,2026-08-04 22:28:00,66,voice
P046,P023,+91-90000-10046,+91-90000-10023,2026-07-21 15:33:00,353,voice
P009,P007,+91-90000-10009,+91-90000-10007,2026-08-04 11:30:00,531,voice
P002,P003,+91-90000-10002,+91-90000-10003,2026-07-16 07:48:00,498,voice
P006,P007,+91-90000-10006,+91-90000-10007,2026-07-20 20:07:00,104,voice
P030,P014,+91-90000-10030,+91-90000-10014,2026-08-19 05:18:00,401,voice
P001,P003,+91-90000-10001,+91-90000-10003,2026-07-26 21:41:00,326,voice
P009,P010,+91-90000-10009,+91-90000-10010,2026-08-03 18:41:00,708,voice
P032,P020,+91-90000-10032,+91-90000-10020,2026-07-05 19:27:00,89,voice
P002,P001,+91-90000-10002,+91-90000-10001,2026-07-21 23:15:00,261,voice
P003,P006,+91-90000-10003,+91-90000-10006,2026-07-23 22:46:00,191,voice
P008,P006,+91-90000-10008,+91-90000-10006,2026-07-15 19:38:00,896,voice
P025,P002,+91-90000-10025,+91-90000-10002,2026-08-01 13:23:00,335,voice
P032,P028,+91-90000-10032,+91-90000-10028,2026-08-25 08:14:00,894,voice
P001,P006,+91-90000-10001,+91-90000-10006,2026-08-22 19:30:00,770,voice
P006,P010,+91-90000-10006,+91-90000-10010,2026-07-01 19:10:00,642,voice
P004,P001,+91-90000-10004,+91-90000-10001,2026-07-21 20:06:00,244,voice
P012,P038,+91-90000-10012,+91-90000-10038,2026-07-17 08:32:00,229,voice
P006,P009,+91-90000-10006,+91-90000-10009,2026-06-04 12:25:00,460,voice
P006,P008,+91-90000-10006,+91-90000-10008,2026-08-14 09:33:00,68,voice
P026,P020,+91-90000-10026,+91-90000-10020,2026-08-01 00:35:00,130,voice
P008,P009,+91-90000-10008,+91-90000-10009,2026-06-01 09:59:00,120,voice
P008,P009,+91-90000-10008,+91-90000-10009,2026-07-16 22:23:00,130,voice
P002,P004,+91-90000-10002,+91-90000-10004,2026-06-09 20:23:00,519,voice
P002,P001,+91-90000-10002,+91-90000-10001,2026-07-23 17:51:00,145,voice
P007,P010,+91-90000-10007,+91-90000-10010,2026-08-17 12:24:00,464,voice
P015,P019,+91-90000-10015,+91-90000-10019,2026-08-20 08:02:00,580,voice
P006,P005,+91-90000-10006,+91-90000-10005,2026-08-08 10:56:00,74,voice
P024,P039,+91-90000-10024,+91-90000-10039,2026-06-17 01:42:00,141,voice
P033,P048,+91-90000-10033,+91-90000-10048,2026-06-04 01:14:00,892,voice
P006,P001,+91-90000-10006,+91-90000-10001,2026-06-23 09:17:00,288,voice
P016,P023,+91-90000-10016,+91-90000-10023,2026-08-05 11:45:00,680,voice
P006,P010,+91-90000-10006,+91-90000-10010,2026-07-15 15:44:00,233,voice
P012,P029,+91-90000-10012,+91-90000-10029,2026-06-04 01:50:00,217,voice
P001,P005,+91-90000-10001,+91-90000-10005,2026-07-26 14:15:00,652,voice
P049,P031,+91-90000-10049,+91-90000-10031,2026-07-09 16:59:00,845,voice
P007,P006,+91-90000-10007,+91-90000-10006,2026-08-14 10:05:00,230,voice
P006,P029,+91-90000-10006,+91-90000-10029,2026-08-03 13:05:00,419,voice
P002,P005,+91-90000-10002,+91-90000-10005,2026-07-26 04:28:00,888,voice
P008,P006,+91-90000-10008,+91-90000-10006,2026-08-08 17:13:00,197,voice
P004,P006,+91-90000-10004,+91-90000-10006,2026-06-17 05:43:00,106,voice
P008,P007,+91-90000-10008,+91-90000-10007,2026-08-09 17:16:00,703,voice
P001,P003,+91-90000-10001,+91-90000-10003,2026-08-19 00:18:00,604,voice
P026,P031,+91-90000-10026,+91-90000-10031,2026-07-02 20:22:00,802,voice
P035,P029,+91-90000-10035,+91-90000-10029,2026-07-11 14:16:00,347,voice
P005,P003,+91-90000-10005,+91-90000-10003,2026-06-22 17:55:00,473,voice
P042,P043,+91-90000-10042,+91-90000-10043,2026-08-08 02:17:00,794,voice
P006,P004,+91-90000-10006,+91-90000-10004,2026-07-23 07:04:00,198,voice
P007,P028,+91-90000-10007,+91-90000-10028,2026-07-01 21:07:00,257,voice
P004,P006,+91-90000-10004,+91-90000-10006,2026-07-24 14:57:00,226,voice
P010,P007,+91-90000-10010,+91-90000-10007,2026-08-08 17:03:00,476,voice
P010,P006,+91-90000-10010,+91-90000-10006,2026-07-05 18:38:00,868,voice
P006,P005,+91-90000-10006,+91-90000-10005,2026-08-03 19:44:00,185,voice
P003,P005,+91-90000-10003,+91-90000-10005,2026-07-08 15:47:00,780,voice
P008,P010,+91-90000-10008,+91-90000-10010,2026-08-12 12:08:00,541,voice
P031,P033,+91-90000-10031,+91-90000-10033,2026-08-17 22:32:00,97,voice
P007,P009,+91-90000-10007,+91-90000-10009,2026-08-17 11:21:00,641,voice
P001,P005,+91-90000-10001,+91-90000-10005,2026-06-06 07:04:00,732,voice
P006,P009,+91-90000-10006,+91-90000-10009,2026-08-07 04:10:00,587,voice
P004,P005,+91-90000-10004,+91-90000-10005,2026-06-22 21:20:00,18,voice
P032,P017,+91-90000-10032,+91-90000-10017,2026-06-16 12:05:00,185,voice
P006,P009,+91-90000-10006,+91-90000-10009,2026-08-12 21:52:00,558,voice
P026,P042,+91-90000-10026,+91-90000-10042,2026-06-13 23:18:00,646,voice
P005,P002,+91-90000-10005,+91-90000-10002,2026-08-01 16:28:00,528,voice
P009,P006,+91-90000-10009,+91-90000-10006,2026-08-10 19:24:00,842,voice
P001,P005,+91-90000-10001,+91-90000-10005,2026-08-23 07:24:00,811,voice
P002,P003,+91-90000-10002,+91-90000-10003,2026-07-20 14:46:00,884,voice
P010,P006,+91-90000-10010,+91-90000-10006,2026-08-13 02:56:00,324,voice
P007,P010,+91-90000-10007,+91-90000-10010,2026-06-05 18:54:00,312,voice
P029,P040,+91-90000-10029,+91-90000-10040,2026-08-24 08:18:00,302,voice
P001,P003,+91-90000-10001,+91-90000-10003,2026-08-23 08:59:00,410,voice
P010,P008,+91-90000-10010,+91-90000-10008,2026-08-17 17:34:00,605,voice
P004,P005,+91-90000-10004,+91-90000-10005,2026-06-25 16:22:00,665,voice
P006,P009,+91-90000-10006,+91-90000-10009,2026-08-11 08:35:00,615,voice
P045,P043,+91-90000-10045,+91-90000-10043,2026-08-03 21:07:00,410,voice
P003,P006,+91-90000-10003,+91-90000-10006,2026-06-11 21:58:00,367,voice
P005,P002,+91-90000-10005,+91-90000-10002,2026-08-05 03:00:00,452,voice
P004,P001,+91-90000-10004,+91-90000-10001,2026-07-20 08:07:00,287,voice
P038,P004,+91-90000-10038,+91-90000-10004,2026-07-10 13:18:00,182,voice
P005,P002,+91-90000-10005,+91-90000-10002,2026-06-13 07:53:00,459,voice
P006,P007,+91-90000-10006,+91-90000-10007,2026-08-10 11:16:00,432,voice
P006,P008,+91-90000-10006,+91-90000-10008,2026-07-05 08:51:00,97,voice
P046,P014,+91-90000-10046,+91-90000-10014,2026-08-09 09:01:00,93,voice
P006,P009,+91-90000-10006,+91-90000-10009,2026-07-09 20:54:00,327,voice
P008,P007,+91-90000-10008,+91-90000-10007,2026-07-14 20:04:00,145,voice
P006,P009,+91-90000-10006,+91-90000-10009,2026-08-18 02:50:00,664,voice
P007,P010,+91-90000-10007,+91-90000-10010,2026-08-06 08:55:00,746,voice
P010,P009,+91-90000-10010,+91-90000-10009,2026-08-03 02:45:00,772,voice
P007,P009,+91-90000-10007,+91-90000-10009,2026-08-03 13:37:00,644,voice
P006,P002,+91-90000-10006,+91-90000-10002,2026-08-25 19:33:00,528,voice
P006,P007,+91-90000-10006,+91-90000-10007,2026-08-09 00:31:00,702,voice
P005,P004,+91-90000-10005,+91-90000-10004,2026-07-08 03:29:00,518,voice
P015,P011,+91-90000-10015,+91-90000-10011,2026-06-18 21:31:00,280,voice
P005,P004,+91-90000-10005,+91-90000-10004,2026-08-27 07:16:00,539,voice
P006,P003,+91-90000-10006,+91-90000-10003,2026-06-14 10:11:00,485,voice
P010,P008,+91-90000-10010,+91-90000-10008,2026-07-19 05:26:00,613,voice
P008,P033,+91-90000-10008,+91-90000-10033,2026-07-02 12:00:00,715,voice
P046,P027,+91-90000-10046,+91-90000-10027,2026-06-02 06:06:00,58,voice
P009,P008,+91-90000-10009,+91-90000-10008,2026-07-16 20:59:00,481,voice
P010,P006,+91-90000-10010,+91-90000-10006,2026-06-20 19:38:00,780,voice
P043,P020,+91-90000-10043,+91-90000-10020,2026-08-07 03:53:00,113,voice
P038,P028,+91-90000-10038,+91-90000-10028,2026-07-12 10:40:00,95,voice
P027,P029,+91-90000-10027,+91-90000-10029,2026-08-16 01:35:00,100,voice
P043,P004,+91-90000-10043,+91-90000-10004,2026-07-27 17:37:00,198,voice
P039,P037,+91-90000-10039,+91-90000-10037,2026-06-14 17:22:00,284,voice
P006,P001,+91-90000-10006,+91-90000-10001,2026-08-03 02:19:00,359,voice
P001,P006,+91-90000-10001,+91-90000-10006,2026-07-18 01:34:00,212,voice
P010,P009,+91-90000-10010,+91-90000-10009,2026-06-19 23:29:00,31,voice
P005,P002,+91-90000-10005,+91-90000-10002,2026-06-17 23:36:00,714,voice
P002,P001,+91-90000-10002,+91-90000-10001,2026-07-01 00:11:00,355,voice
P008,P006,+91-90000-10008,+91-90000-10006,2026-06-18 16:52:00,593,voice
P003,P005,+91-90000-10003,+91-90000-10005,2026-08-11 08:00:00,335,voice
P006,P004,+91-90000-10006,+91-90000-10004,2026-08-05 04:06:00,413,voice
P001,P004,+91-90000-10001,+91-90000-10004,2026-06-20 14:29:00,846,voice
P007,P010,+91-90000-10007,+91-90000-10010,2026-07-25 17:50:00,71,voice
P035,P013,+91-90000-10035,+91-90000-10013,2026-07-24 12:15:00,54,voice
P006,P002,+91-90000-10006,+91-90000-10002,2026-06-20 09:56:00,475,voice
P010,P009,+91-90000-10010,+91-90000-10009,2026-07-11 11:02:00,281,voice
P002,P004,+91-90000-10002,+91-90000-10004,2026-08-09 17:23:00,887,voice
P002,P001,+91-90000-10002,+91-90000-10001,2026-07-23 01:32:00,506,voice
P001,P003,+91-90000-10001,+91-90000-10003,2026-08-27 21:45:00,99,voice
P003,P001,+91-90000-10003,+91-90000-10001,2026-06-17 06:37:00,89,voice
P006,P010,+91-90000-10006,+91-90000-10010,2026-08-18 11:16:00,518,voice
P002,P006,+91-90000-10002,+91-90000-10006,2026-07-10 02:24:00,383,voice
P027,P038,+91-90000-10027,+91-90000-10038,2026-07-13 02:43:00,378,voice
P048,P017,+91-90000-10048,+91-90000-10017,2026-07-17 16:33:00,706,voice
P009,P007,+91-90000-10009,+91-90000-10007,2026-08-19 20:12:00,792,voice
P019,P020,+91-90000-10019,+91-90000-10020,2026-07-14 22:05:00,51,voice
P006,P009,+91-90000-10006,+91-90000-10009,2026-07-16 20:24:00,345,voice
P001,P005,+91-90000-10001,+91-90000-10005,2026-08-23 03:06:00,583,voice
P010,P008,+91-90000-10010,+91-90000-10008,2026-06-27 18:07:00,585,voice
P006,P004,+91-90000-10006,+91-90000-10004,2026-06-18 20:50:00,446,voice
P005,P001,+91-90000-10005,+91-90000-10001,2026-06-01 09:28:00,859,voice
P006,P001,+91-90000-10006,+91-90000-10001,2026-08-11 07:34:00,312,voice
P004,P002,+91-90000-10004,+91-90000-10002,2026-06-02 23:56:00,440,voice
P001,P002,+91-90000-10001,+91-90000-10002,2026-06-24 12:34:00,57,voice
P005,P002,+91-90000-10005,+91-90000-10002,2026-08-03 14:03:00,345,voice
P007,P009,+91-90000-10007,+91-90000-10009,2026-08-26 22:56:00,170,voice
P015,P009,+91-90000-10015,+91-90000-10009,2026-06-15 10:41:00,770,voice
P004,P006,+91-90000-10004,+91-90000-10006,2026-06-25 11:57:00,698,voice
P006,P048,+91-90000-10006,+91-90000-10048,2026-08-25 18:54:00,115,voice
P006,P002,+91-90000-10006,+91-90000-10002,2026-07-20 10:13:00,62,voice
P005,P002,+91-90000-10005,+91-90000-10002,2026-06-21 10:03:00,73,voice
P006,P003,+91-90000-10006,+91-90000-10003,2026-08-08 23:00:00,320,voice
P023,P045,+91-90000-10023,+91-90000-10045,2026-08-07 16:43:00,463,voice
P009,P010,+91-90000-10009,+91-90000-10010,2026-08-27 19:57:00,60,voice
P004,P006,+91-90000-10004,+91-90000-10006,2026-07-26 00:22:00,210,voice
P009,P007,+91-90000-10009,+91-90000-10007,2026-06-13 16:27:00,539,voice
P007,P009,+91-90000-10007,+91-90000-10009,2026-06-15 18:29:00,289,voice
P011,P006,+91-90000-10011,+91-90000-10006,2026-08-09 09:52:00,534,voice
P007,P010,+91-90000-10007,+91-90000-10010,2026-08-01 04:01:00,237,voice
P006,P002,+91-90000-10006,+91-90000-10002,2026-06-06 17:41:00,876,voice
P010,P030,+91-90000-10010,+91-90000-10030,2026-06-12 06:06:00,560,voice
P006,P008,+91-90000-10006,+91-90000-10008,2026-08-20 22:45:00,682,voice
P020,P029,+91-90000-10020,+91-90000-10029,2026-08-09 15:16:00,57,voice
P004,P001,+91-90000-10004,+91-90000-10001,2026-07-21 18:16:00,661,voice
P008,P009,+91-90000-10008,+91-90000-10009,2026-08-27 21:20:00,240,voice
P046,P027,+91-90000-10046,+91-90000-10027,2026-06-08 20:05:00,158,voice
P006,P009,+91-90000-10006,+91-90000-10009,2026-06-11 21:39:00,321,voice
P007,P008,+91-90000-10007,+91-90000-10008,2026-07-24 02:42:00,196,voice
P013,P039,+91-90000-10013,+91-90000-10039,2026-06-12 06:34:00,138,voice
P002,P005,+91-90000-10002,+91-90000-10005,2026-06-15 15:01:00,17,voice
P008,P006,+91-90000-10008,+91-90000-10006,2026-08-13 13:52:00,638,voice
P005,P003,+91-90000-10005,+91-90000-10003,2026-06-05 13:02:00,852,voice
P038,P013,+91-90000-10038,+91-90000-10013,2026-07-04 04:50:00,616,voice
P008,P009,+91-90000-10008,+91-90000-10009,2026-08-14 05:00:00,27,voice
P006,P002,+91-90000-10006,+91-90000-10002,2026-08-03 16:21:00,558,voice
P025,P031,+91-90000-10025,+91-90000-10031,2026-08-12 04:23:00,643,voice
P002,P006,+91-90000-10002,+91-90000-10006,2026-08-15 02:49:00,887,voice
P008,P009,+91-90000-10008,+91-90000-10009,2026-07-19 13:26:00,239,voice
P006,P007,+91-90000-10006,+91-90000-10007,2026-06-25 04:11:00,60,voice
P010,P020,+91-90000-10010,+91-90000-10020,2026-08-05 21:03:00,823,voice
P007,P009,+91-90000-10007,+91-90000-10009,2026-08-12 14:08:00,673,voice
P020,P048,+91-90000-10020,+91-90000-10048,2026-06-08 13:03:00,325,voice
P048,P026,+91-90000-10048,+91-90000-10026,2026-06-27 23:58:00,893,voice
P048,P035,+91-90000-10048,+91-90000-10035,2026-07-18 02:05:00,602,voice
P031,P014,+91-90000-10031,+91-90000-10014,2026-06-15 11:38:00,418,voice
P002,P005,+91-90000-10002,+91-90000-10005,2026-08-19 13:26:00,245,voice
P006,P002,+91-90000-10006,+91-90000-10002,2026-06-08 05:12:00,75,voice
P048,P038,+91-90000-10048,+91-90000-10038,2026-07-23 13:57:00,56,voice
P047,P019,+91-90000-10047,+91-90000-10019,2026-07-03 10:48:00,794,voice
P004,P001,+91-90000-10004,+91-90000-10001,2026-07-22 02:54:00,534,voice
P045,P028,+91-90000-10045,+91-90000-10028,2026-08-03 14:06:00,95,voice
P025,P050,+91-90000-10025,+91-90000-10050,2026-07-27 18:30:00,628,voice
P003,P002,+91-90000-10003,+91-90000-10002,2026-06-26 12:53:00,694,voice
P001,P003,+91-90000-10001,+91-90000-10003,2026-08-25 00:54:00,174,voice
P003,P006,+91-90000-10003,+91-90000-10006,2026-06-09 20:19:00,813,voice
P007,P009,+91-90000-10007,+91-90000-10009,2026-07-01 10:05:00,146,voice
P012,P027,+91-90000-10012,+91-90000-10027,2026-06-23 13:29:00,500,voice
P004,P005,+91-90000-10004,+91-90000-10005,2026-06-08 15:14:00,25,voice
P017,P050,+91-90000-10017,+91-90000-10050,2026-08-18 12:04:00,533,voice
P009,P008,+91-90000-10009,+91-90000-10008,2026-08-09 12:25:00,874,voice
P009,P006,+91-90000-10009,+91-90000-10006,2026-07-26 15:22:00,487,voice
P050,P004,+91-90000-10050,+91-90000-10004,2026-06-07 12:43:00,434,voice
P001,P047,+91-90000-10001,+91-90000-10047,2026-08-09 06:54:00,796,voice
P006,P007,+91-90000-10006,+91-90000-10007,2026-06-20 15:57:00,273,voice
P014,P041,+91-90000-10014,+91-90000-10041,2026-08-01 06:32:00,27,voice
P009,P008,+91-90000-10009,+91-90000-10008,2026-08-24 18:56:00,538,voice
P003,P002,+91-90000-10003,+91-90000-10002,2026-06-16 12:14:00,225,voice
P017,P046,+91-90000-10017,+91-90000-10046,2026-07-09 16:54:00,723,voice
P019,P028,+91-90000-10019,+91-90000-10028,2026-06-26 11:08:00,617,voice
P038,P045,+91-90000-10038,+91-90000-10045,2026-08-10 22:32:00,421,voice
P011,P023,+91-90000-10011,+91-90000-10023,2026-06-05 06:00:00,746,voice
P004,P005,+91-90000-10004,+91-90000-10005,2026-07-07 20:29:00,745,voice
P027,P042,+91-90000-10027,+91-90000-10042,2026-07-06 02:58:00,476,voice
P009,P011,+91-90000-10009,+91-90000-10011,2026-08-20 04:46:00,316,voice
P026,P034,+91-90000-10026,+91-90000-10034,2026-07-03 14:46:00,468,voice
P005,P001,+91-90000-10005,+91-90000-10001,2026-07-16 02:36:00,202,voice
P006,P008,+91-90000-10006,+91-90000-10008,2026-07-10 21:01:00,49,voice
P031,P022,+91-90000-10031,+91-90000-10022,2026-06-08 16:11:00,704,voice
P010,P007,+91-90000-10010,+91-90000-10007,2026-07-03 14:23:00,204,voice
P040,P028,+91-90000-10040,+91-90000-10028,2026-06-15 06:55:00,104,voice
P010,P050,+91-90000-10010,+91-90000-10050,2026-08-08 11:52:00,653,voice
P002,P004,+91-90000-10002,+91-90000-10004,2026-07-17 09:07:00,304,voice
P005,P002,+91-90000-10005,+91-90000-10002,2026-07-15 03:14:00,196,voice
P006,P008,+91-90000-10006,+91-90000-10008,2026-07-27 12:07:00,304,voice
P005,P006,+91-90000-10005,+91-90000-10006,2026-08-01 18:37:00,758,voice
P004,P001,+91-90000-10004,+91-90000-10001,2026-07-03 13:53:00,793,voice
P006,P007,+91-90000-10006,+91-90000-10007,2026-08-08 23:17:00,335,voice
P007,P010,+91-90000-10007,+91-90000-10010,2026-07-03 15:33:00,548,voice
P007,P012,+91-90000-10007,+91-90000-10012,2026-06-09 23:16:00,829,voice
P005,P001,+91-90000-10005,+91-90000-10001,2026-06-24 16:28:00,486,voice
P019,P031,+91-90000-10019,+91-90000-10031,2026-08-09 16:33:00,169,voice
P001,P003,+91-90000-10001,+91-90000-10003,2026-08-14 13:50:00,831,voice
P002,P006,+91-90000-10002,+91-90000-10006,2026-07-13 02:44:00,584,voice
P025,P041,+91-90000-10025,+91-90000-10041,2026-06-20 04:16:00,119,voice
P005,P002,+91-90000-10005,+91-90000-10002,2026-08-13 00:45:00,697,voice
P007,P010,+91-90000-10007,+91-90000-10010,2026-06-25 08:40:00,631,voice
P009,P010,+91-90000-10009,+91-90000-10010,2026-07-17 02:13:00,651,voice
P028,P010,+91-90000-10028,+91-90000-10010,2026-08-11 18:01:00,881,voice
P043,P022,+91-90000-10043,+91-90000-10022,2026-06-16 21:59:00,60,voice
P015,P035,+91-90000-10015,+91-90000-10035,2026-08-15 05:54:00,729,voice
P007,P008,+91-90000-10007,+91-90000-10008,2026-07-26 04:09:00,749,voice
P006,P001,+91-90000-10006,+91-90000-10001,2026-06-21 12:17:00,507,voice
P041,P002,+91-90000-10041,+91-90000-10002,2026-07-18 04:57:00,891,voice
P010,P007,+91-90000-10010,+91-90000-10007,2026-07-25 17:44:00,433,voice
P005,P006,+91-90000-10005,+91-90000-10006,2026-06-13 21:37:00,660,voice
P015,P017,+91-90000-10015,+91-90000-10017,2026-06-26 00:52:00,535,voice
P041,P006,+91-90000-10041,+91-90000-10006,2026-06-12 20:52:00,157,voice
P002,P005,+91-90000-10002,+91-90000-10005,2026-08-19 20:59:00,842,voice
P026,P028,+91-90000-10026,+91-90000-10028,2026-07-02 01:34:00,617,voice
P007,P009,+91-90000-10007,+91-90000-10009,2026-06-17 06:39:00,165,voice
P009,P008,+91-90000-10009,+91-90000-10008,2026-08-02 12:36:00,544,voice
P006,P007,+91-90000-10006,+91-90000-10007,2026-06-21 05:31:00,199,voice
P012,P044,+91-90000-10012,+91-90000-10044,2026-08-20 17:42:00,526,voice
P007,P010,+91-90000-10007,+91-90000-10010,2026-06-25 22:54:00,256,voice
P024,P017,+91-90000-10024,+91-90000-10017,2026-06-08 23:22:00,41,voice
P009,P006,+91-90000-10009,+91-90000-10006,2026-06-02 19:12:00,458,voice
P005,P006,+91-90000-10005,+91-90000-10006,2026-08-19 02:30:00,843,voice
P021,P020,+91-90000-10021,+91-90000-10020,2026-08-05 04:40:00,709,voice
P004,P006,+91-90000-10004,+91-90000-10006,2026-06-12 05:12:00,572,voice
P048,P046,+91-90000-10048,+91-90000-10046,2026-07-15 11:48:00,60,voice
P007,P009,+91-90000-10007,+91-90000-10009,2026-08-19 06:51:00,335,voice
P038,P002,+91-90000-10038,+91-90000-10002,2026-07-23 04:03:00,575,voice
P006,P001,+91-90000-10006,+91-90000-10001,2026-07-05 22:47:00,260,voice
P007,P008,+91-90000-10007,+91-90000-10008,2026-07-13 18:38:00,578,voice
P002,P025,+91-90000-10002,+91-90000-10025,2026-06-12 08:43:00,370,voice
P006,P009,+91-90000-10006,+91-90000-10009,2026-08-06 18:19:00,827,voice
P043,P026,+91-90000-10043,+91-90000-10026,2026-06-07 02:31:00,488,voice
P003,P002,+91-90000-10003,+91-90000-10002,2026-08-14 00:22:00,761,voice
P006,P007,+91-90000-10006,+91-90000-10007,2026-08-14 09:15:00,652,voice
P049,P005,+91-90000-10049,+91-90000-10005,2026-06-24 04:37:00,190,voice
P012,P043,+91-90000-10012,+91-90000-10043,2026-07-13 07:26:00,566,voice
P049,P001,+91-90000-10049,+91-90000-10001,2026-06-11 04:58:00,820,voice
P004,P005,+91-90000-10004,+91-90000-10005,2026-08-15 02:45:00,413,voice
P037,P002,+91-90000-10037,+91-90000-10002,2026-07-19 12:06:00,870,voice
P005,P004,+91-90000-10005,+91-90000-10004,2026-07-17 18:15:00,87,voice
P009,P006,+91-90000-10009,+91-90000-10006,2026-08-13 07:30:00,798,voice
P003,P004,+91-90000-10003,+91-90000-10004,2026-06-14 14:42:00,624,voice
P008,P038,+91-90000-10008,+91-90000-10038,2026-06-15 19:46:00,181,voice
P007,P006,+91-90000-10007,+91-90000-10006,2026-06-24 09:08:00,651,voice
P030,P038,+91-90000-10030,+91-90000-10038,2026-07-16 23:39:00,576,voice
P002,P001,+91-90000-10002,+91-90000-10001,2026-08-26 11:35:00,564,voice
P008,P006,+91-90000-10008,+91-90000-10006,2026-08-25 15:02:00,165,voice
P033,P010,+91-90000-10033,+91-90000-10010,2026-06-24 01:39:00,369,voice
P036,P046,+91-90000-10036,+91-90000-10046,2026-07-19 11:11:00,133,voice
P005,P002,+91-90000-10005,+91-90000-10002,2026-06-23 09:19:00,808,voice
P001,P002,+91-90000-10001,+91-90000-10002,2026-08-27 03:59:00,530,voice
P004,P009,+91-90000-10004,+91-90000-10009,2026-07-23 19:39:00,481,voice
P020,P043,+91-90000-10020,+91-90000-10043,2026-07-26 22:13:00,772,voice
P009,P008,+91-90000-10009,+91-90000-10008,2026-08-24 17:16:00,356,voice
P009,P006,+91-90000-10009,+91-90000-10006,2026-06-18 01:40:00,198,voice
P008,P013,+91-90000-10008,+91-90000-10013,2026-08-05 13:56:00,284,voice
P007,P010,+91-90000-10007,+91-90000-10010,2026-07-16 04:57:00,521,voice
P010,P008,+91-90000-10010,+91-90000-10008,2026-06-19 12:04:00,129,voice
P006,P005,+91-90000-10006,+91-90000-10005,2026-06-07 10:13:00,281,voice
P001,P006,+91-90000-10001,+91-90000-10006,2026-08-08 18:04:00,189,voice
P007,P009,+91-90000-10007,+91-90000-10009,2026-08-24 02:06:00,487,voice
P006,P008,+91-90000-10006,+91-90000-10008,2026-08-04 07:50:00,617,voice
P004,P006,+91-90000-10004,+91-90000-10006,2026-07-14 13:12:00,703,voice
P006,P004,+91-90000-10006,+91-90000-10004,2026-07-15 10:41:00,507,voice
P006,P004,+91-90000-10006,+91-90000-10004,2026-06-05 01:23:00,490,voice
P006,P010,+91-90000-10006,+91-90000-10010,2026-06-01 02:54:00,694,voice
P010,P009,+91-90000-10010,+91-90000-10009,2026-07-22 00:38:00,209,voice
P009,P010,+91-90000-10009,+91-90000-10010,2026-08-18 13:11:00,65,voice
P024,P010,+91-90000-10024,+91-90000-10010,2026-08-23 08:49:00,679,voice
P020,P036,+91-90000-10020,+91-90000-10036,2026-06-24 00:22:00,264,voice
P013,P044,+91-90000-10013,+91-90000-10044,2026-07-01 00:22:00,195,voice
P006,P009,+91-90000-10006,+91-90000-10009,2026-07-24 07:39:00,65,voice
P027,P004,+91-90000-10027,+91-90000-10004,2026-06-10 02:43:00,219,voice
P006,P001,+91-90000-10006,+91-90000-10001,2026-07-16 09:58:00,887,voice
P008,P007,+91-90000-10008,+91-90000-10007,2026-08-09 17:51:00,849,voice
P003,P006,+91-90000-10003,+91-90000-10006,2026-07-12 14:03:00,26,voice
P016,P020,+91-90000-10016,+91-90000-10020,2026-07-09 12:38:00,870,voice
P013,P031,+91-90000-10013,+91-90000-10031,2026-06-16 09:29:00,144,voice
P007,P006,+91-90000-10007,+91-90000-10006,2026-07-26 04:19:00,114,voice
P009,P008,+91-90000-10009,+91-90000-10008,2026-08-04 13:01:00,343,voice
P023,P046,+91-90000-10023,+91-90000-10046,2026-06-03 18:55:00,418,voice
P022,P020,+91-90000-10022,+91-90000-10020,2026-07-06 17:07:00,182,voice
P004,P002,+91-90000-10004,+91-90000-10002,2026-08-27 20:40:00,889,voice
P023,P025,+91-90000-10023,+91-90000-10025,2026-07-20 10:43:00,866,voice
P006,P010,+91-90000-10006,+91-90000-10010,2026-06-07 05:34:00,806,voice
P022,P031,+91-90000-10022,+91-90000-10031,2026-07-02 13:48:00,123,voice
P027,P025,+91-90000-10027,+91-90000-10025,2026-08-21 04:27:00,419,voice
P010,P007,+91-90000-10010,+91-90000-10007,2026-06-24 14:56:00,126,voice
P004,P005,+91-90000-10004,+91-90000-10005,2026-07-12 07:47:00,101,voice
P003,P001,+91-90000-10003,+91-90000-10001,2026-06-11 11:19:00,505,voice
P008,P042,+91-90000-10008,+91-90000-10042,2026-06-03 04:54:00,533,voice
P009,P008,+91-90000-10009,+91-90000-10008,2026-06-27 09:13:00,807,voice
P009,P007,+91-90000-10009,+91-90000-10007,2026-06-07 07:41:00,578,voice
P008,P007,+91-90000-10008,+91-90000-10007,2026-08-12 06:54:00,356,voice
P003,P002,+91-90000-10003,+91-90000-10002,2026-07-11 18:29:00,694,voice
P008,P018,+91-90000-10008,+91-90000-10018,2026-07-13 04:35:00,461,voice
P015,P012,+91-90000-10015,+91-90000-10012,2026-08-09 12:06:00,679,voice
P005,P002,+91-90000-10005,+91-90000-10002,2026-06-23 09:16:00,858,voice
P004,P001,+91-90000-10004,+91-90000-10001,2026-07-03 17:29:00,445,voice
P005,P002,+91-90000-10005,+91-90000-10002,2026-08-04 09:23:00,348,voice
P006,P008,+91-90000-10006,+91-90000-10008,2026-07-19 04:32:00,137,voice
P001,P005,+91-90000-10001,+91-90000-10005,2026-06-22 19:14:00,815,voice
P001,P004,+91-90000-10001,+91-90000-10004,2026-06-05 11:07:00,163,voice
P020,P023,+91-90000-10020,+91-90000-10023,2026-06-25 10:09:00,591,voice
P034,P024,+91-90000-10034,+91-90000-10024,2026-07-23 02:53:00,548,voice
P040,P001,+91-90000-10040,+91-90000-10001,2026-06-05 04:02:00,96,voice
P001,P006,+91-90000-10001,+91-90000-10006,2026-06-12 07:04:00,84,voice
P001,P004,+91-90000-10001,+91-90000-10004,2026-06-14 14:09:00,198,voice
P005,P001,+91-90000-10005,+91-90000-10001,2026-07-19 17:30:00,533,voice
P002,P006,+91-90000-10002,+91-90000-10006,2026-08-21 10:25:00,571,voice
P006,P005,+91-90000-10006,+91-90000-10005,2026-07-02 17:23:00,686,voice
P002,P005,+91-90000-10002,+91-90000-10005,2026-08-01 10:47:00,584,voice
P010,P006,+91-90000-10010,+91-90000-10006,2026-08-12 14:29:00,456,voice
P007,P010,+91-90000-10007,+91-90000-10010,2026-07-03 04:23:00,839,voice
P020,P034,+91-90000-10020,+91-90000-10034,2026-08-22 09:39:00,665,voice
P012,P026,+91-90000-10012,+91-90000-10026,2026-08-09 23:00:00,709,voice
P003,P005,+91-90000-10003,+91-90000-10005,2026-06-03 17:19:00,657,voice
P003,P005,+91-90000-10003,+91-90000-10005,2026-08-04 11:38:00,349,voice
P004,P006,+91-90000-10004,+91-90000-10006,2026-07-15 19:23:00,782,voice
P003,P004,+91-90000-10003,+91-90000-10004,2026-06-04 05:51:00,539,voice
P008,P010,+91-90000-10008,+91-90000-10010,2026-07-07 14:33:00,502,voice
P008,P006,+91-90000-10008,+91-90000-10006,2026-08-09 14:42:00,405,voice
P001,P003,+91-90000-10001,+91-90000-10003,2026-06-17 09:33:00,741,voice
P005,P001,+91-90000-10005,+91-90000-10001,2026-06-14 18:07:00,475,voice
P006,P002,+91-90000-10006,+91-90000-10002,2026-07-17 14:24:00,494,voice
P024,P017,+91-90000-10024,+91-90000-10017,2026-07-13 23:54:00,36,voice
P014,P021,+91-90000-10014,+91-90000-10021,2026-08-23 18:21:00,826,voice
P007,P006,+91-90000-10007,+91-90000-10006,2026-08-16 20:28:00,367,voice
P012,P015,+91-90000-10012,+91-90000-10015,2026-06-19 21:34:00,534,voice
P005,P006,+91-90000-10005,+91-90000-10006,2026-06-06 11:22:00,105,voice
P002,P001,+91-90000-10002,+91-90000-10001,2026-08-19 18:32:00,832,voice
P003,P009,+91-90000-10003,+91-90000-10009,2026-08-18 11:35:00,296,voice
P049,P010,+91-90000-10049,+91-90000-10010,2026-06-16 21:41:00,373,voice
P007,P009,+91-90000-10007,+91-90000-10009,2026-08-27 20:21:00,181,voice
P003,P004,+91-90000-10003,+91-90000-10004,2026-07-03 18:13:00,365,voice
P025,P018,+91-90000-10025,+91-90000-10018,2026-08-15 11:03:00,383,voice
P006,P010,+91-90000-10006,+91-90000-10010,2026-07-19 14:13:00,571,voice
P003,P002,+91-90000-10003,+91-90000-10002,2026-06-24 12:57:00,646,voice
P003,P005,+91-90000-10003,+91-90000-10005,2026-07-16 08:17:00,75,voice
P004,P005,+91-90000-10004,+91-90000-10005,2026-06-20 01:33:00,678,voice
P002,P001,+91-90000-10002,+91-90000-10001,2026-08-20 20:01:00,483,voice
P004,P005,+91-90000-10004,+91-90000-10005,2026-07-16 21:43:00,578,voice
P003,P048,+91-90000-10003,+91-90000-10048,2026-08-02 11:14:00,672,voice
P004,P001,+91-90000-10004,+91-90000-10001,2026-06-09 11:56:00,891,voice
P036,P041,+91-90000-10036,+91-90000-10041,2026-06-26 11:21:00,445,voice
P005,P004,+91-90000-10005,+91-90000-10004,2026-08-24 01:26:00,105,voice
P006,P008,+91-90000-10006,+91-90000-10008,2026-08-04 15:34:00,570,voice
P029,P032,+91-90000-10029,+91-90000-10032,2026-06-20 04:54:00,829,voice
P002,P038,+91-90000-10002,+91-90000-10038,2026-07-14 05:06:00,324,voice
P009,P008,+91-90000-10009,+91-90000-10008,2026-08-12 04:14:00,285,voice
P002,P004,+91-90000-10002,+91-90000-10004,2026-06-07 03:23:00,760,voice
P044,P050,+91-90000-10044,+91-90000-10050,2026-08-16 21:05:00,797,voice
P006,P007,+91-90000-10006,+91-90000-10007,2026-07-05 07:40:00,753,voice
P003,P050,+91-90000-10003,+91-90000-10050,2026-08-13 18:48:00,334,voice
P003,P006,+91-90000-10003,+91-90000-10006,2026-06-17 23:25:00,45,voice
P010,P008,+91-90000-10010,+91-90000-10008,2026-08-25 22:39:00,97,voice
P003,P001,+91-90000-10003,+91-90000-10001,2026-07-10 11:57:00,279,voice
P006,P009,+91-90000-10006,+91-90000-10009,2026-06-11 03:34:00,869,voice
P008,P031,+91-90000-10008,+91-90000-10031,2026-06-27 21:03:00,88,voice
P010,P009,+91-90000-10010,+91-90000-10009,2026-08-03 10:12:00,689,voice
P031,P005,+91-90000-10031,+91-90000-10005,2026-07-27 06:44:00,71,voice
P007,P010,+91-90000-10007,+91-90000-10010,2026-07-15 20:29:00,751,voice
P002,P006,+91-90000-10002,+91-90000-10006,2026-06-12 10:20:00,276,voice
P008,P016,+91-90000-10008,+91-90000-10016,2026-08-27 08:33:00,488,voice
P042,P007,+91-90000-10042,+91-90000-10007,2026-06-10 17:40:00,178,voice
P004,P006,+91-90000-10004,+91-90000-10006,2026-06-08 03:12:00,25,voice
P003,P002,+91-90000-10003,+91-90000-10002,2026-06-09 11:44:00,278,voice
P022,P044,+91-90000-10022,+91-90000-10044,2026-07-04 18:11:00,294,voice
P003,P005,+91-90000-10003,+91-90000-10005,2026-08-11 18:12:00,144,voice
P004,P002,+91-90000-10004,+91-90000-10002,2026-07-25 10:56:00,451,voice
P010,P006,+91-90000-10010,+91-90000-10006,2026-06-24 07:15:00,92,voice
P005,P004,+91-90000-10005,+91-90000-10004,2026-06-26 06:33:00,754,voice
P031,P024,+91-90000-10031,+91-90000-10024,2026-08-26 17:44:00,354,voice
P002,P003,+91-90000-10002,+91-90000-10003,2026-07-03 14:40:00,133,voice
P010,P009,+91-90000-10010,+91-90000-10009,2026-07-21 06:34:00,384,voice
P035,P004,+91-90000-10035,+91-90000-10004,2026-06-09 12:14:00,622,voice
P008,P026,+91-90000-10008,+91-90000-10026,2026-08-02 13:44:00,515,voice
P006,P005,+91-90000-10006,+91-90000-10005,2026-06-02 09:20:00,160,voice
P006,P002,+91-90000-10006,+91-90000-10002,2026-06-26 18:23:00,32,voice
P009,P007,+91-90000-10009,+91-90000-10007,2026-06-11 07:12:00,210,voice
P003,P004,+91-90000-10003,+91-90000-10004,2026-08-20 01:35:00,524,voice
P010,P008,+91-90000-10010,+91-90000-10008,2026-08-13 22:24:00,527,voice
P008,P010,+91-90000-10008,+91-90000-10010,2026-06-27 02:29:00,502,voice
P030,P001,+91-90000-10030,+91-90000-10001,2026-07-11 03:21:00,889,voice
P004,P005,+91-90000-10004,+91-90000-10005,2026-07-05 21:29:00,656,voice
P003,P001,+91-90000-10003,+91-90000-10001,2026-07-23 13:39:00,40,voice
P005,P004,+91-90000-10005,+91-90000-10004,2026-06-14 20:33:00,54,voice
P009,P008,+91-90000-10009,+91-90000-10008,2026-08-02 15:32:00,376,voice
P003,P002,+91-90000-10003,+91-90000-10002,2026-07-22 13:06:00,169,voice
P001,P002,+91-90000-10001,+91-90000-10002,2026-07-16 19:45:00,752,voice
P003,P002,+91-90000-10003,+91-90000-10002,2026-07-13 12:32:00,837,voice
P035,P016,+91-90000-10035,+91-90000-10016,2026-08-06 22:49:00,139,voice
P011,P026,+91-90000-10011,+91-90000-10026,2026-08-27 03:00:00,639,voice
P027,P005,+91-90000-10027,+91-90000-10005,2026-07-04 08:30:00,846,voice
P032,P049,+91-90000-10032,+91-90000-10049,2026-06-09 14:09:00,66,voice
P006,P007,+91-90000-10006,+91-90000-10007,2026-07-04 02:01:00,342,voice
P022,P029,+91-90000-10022,+91-90000-10029,2026-08-13 01:46:00,518,voice
P003,P002,+91-90000-10003,+91-90000-10002,2026-08-12 12:15:00,261,voice
P039,P018,+91-90000-10039,+91-90000-10018,2026-07-24 13:32:00,254,voice
P004,P001,+91-90000-10004,+91-90000-10001,2026-08-15 00:08:00,180,voice
P005,P002,+91-90000-10005,+91-90000-10002,2026-08-01 13:42:00,516,voice
P009,P010,+91-90000-10009,+91-90000-10010,2026-06-08 17:23:00,464,voice
P009,P007,+91-90000-10009,+91-90000-10007,2026-06-15 15:46:00,748,voice
P010,P007,+91-90000-10010,+91-90000-10007,2026-08-08 19:14:00,417,voice
P005,P002,+91-90000-10005,+91-90000-10002,2026-06-11 21:15:00,347,voice
P038,P016,+91-90000-10038,+91-90000-10016,2026-08-17 23:12:00,496,voice
P008,P046,+91-90000-10008,+91-90000-10046,2026-07-09 01:16:00,77,voice
P029,P037,+91-90000-10029,+91-90000-10037,2026-06-14 17:25:00,782,voice
P009,P008,+91-90000-10009,+91-90000-10008,2026-08-07 19:54:00,669,voice
P005,P003,+91-90000-10005,+91-90000-10003,2026-08-19 15:22:00,669,voice
P009,P006,+91-90000-10009,+91-90000-10006,2026-06-12 23:35:00,28,voice
P002,P006,+91-90000-10002,+91-90000-10006,2026-08-12 02:11:00,434,voice
P005,P004,+91-90000-10005,+91-90000-10004,2026-07-02 13:20:00,467,voice
P012,P023,+91-90000-10012,+91-90000-10023,2026-07-26 06:58:00,471,voice
P010,P030,+91-90000-10010,+91-90000-10030,2026-06-03 22:26:00,735,voice
P009,P010,+91-90000-10009,+91-90000-10010,2026-07-02 19:38:00,106,voice
P001,P023,+91-90000-10001,+91-90000-10023,2026-08-22 02:46:00,737,voice
P006,P010,+91-90000-10006,+91-90000-10010,2026-07-14 10:15:00,458,voice
P034,P039,+91-90000-10034,+91-90000-10039,2026-08-09 03:34:00,847,voice
P004,P006,+91-90000-10004,+91-90000-10006,2026-08-04 05:12:00,54,voice
P004,P006,+91-90000-10004,+91-90000-10006,2026-08-13 22:03:00,776,voice
P001,P002,+91-90000-10001,+91-90000-10002,2026-07-05 08:08:00,872,voice
P001,P005,+91-90000-10001,+91-90000-10005,2026-07-15 15:57:00,863,voice
P041,P030,+91-90000-10041,+91-90000-10030,2026-06-11 10:28:00,755,voice
P010,P008,+91-90000-10010,+91-90000-10008,2026-06-02 20:04:00,822,voice
P006,P009,+91-90000-10006,+91-90000-10009,2026-06-23 05:12:00,333,voice
P007,P006,+91-90000-10007,+91-90000-10006,2026-08-17 14:45:00,235,voice
P032,P025,+91-90000-10032,+91-90000-10025,2026-08-22 11:37:00,680,voice
P014,P024,+91-90000-10014,+91-90000-10024,2026-08-05 18:44:00,92,voice
P001,P013,+91-90000-10001,+91-90000-10013,2026-08-12 08:45:00,520,voice
P008,P007,+91-90000-10008,+91-90000-10007,2026-08-12 13:47:00,340,voice
P031,P005,+91-90000-10031,+91-90000-10005,2026-07-18 11:12:00,647,voice
P003,P001,+91-90000-10003,+91-90000-10001,2026-07-25 09:25:00,753,voice
P038,P020,+91-90000-10038,+91-90000-10020,2026-07-14 19:33:00,65,voice
P009,P007,+91-90000-10009,+91-90000-10007,2026-08-16 10:42:00,787,voice
P040,P044,+91-90000-10040,+91-90000-10044,2026-07-09 15:30:00,545,voice
P006,P003,+91-90000-10006,+91-90000-10003,2026-06-21 20:07:00,421,voice
P009,P006,+91-90000-10009,+91-90000-10006,2026-06-08 10:15:00,388,voice
P009,P023,+91-90000-10009,+91-90000-10023,2026-07-12 02:30:00,550,voice
P028,P001,+91-90000-10028,+91-90000-10001,2026-08-20 03:46:00,60,voice
P006,P005,+91-90000-10006,+91-90000-10005,2026-06-01 09:12:00,519,voice
P010,P040,+91-90000-10010,+91-90000-10040,2026-06-03 09:12:00,193,voice
P035,P040,+91-90000-10035,+91-90000-10040,2026-08-25 17:15:00,241,voice
P001,P002,+91-90000-10001,+91-90000-10002,2026-06-08 23:08:00,141,voice
P003,P001,+91-90000-10003,+91-90000-10001,2026-08-26 17:08:00,601,voice
P008,P009,+91-90000-10008,+91-90000-10009,2026-06-24 18:02:00,529,voice
P008,P009,+91-90000-10008,+91-90000-10009,2026-08-19 20:47:00,314,voice
P002,P036,+91-90000-10002,+91-90000-10036,2026-06-23 14:37:00,154,voice
P008,P007,+91-90000-10008,+91-90000-10007,2026-07-04 20:16:00,210,voice
P006,P046,+91-90000-10006,+91-90000-10046,2026-06-12 19:23:00,783,voice
P004,P002,+91-90000-10004,+91-90000-10002,2026-07-13 12:37:00,873,voice
P028,P048,+91-90000-10028,+91-90000-10048,2026-08-11 05:11:00,378,voice
P039,P048,+91-90000-10039,+91-90000-10048,2026-08-03 00:52:00,407,voice
P002,P001,+91-90000-10002,+91-90000-10001,2026-08-12 05:52:00,177,voice
P003,P006,+91-90000-10003,+91-90000-10006,2026-06-06 23:23:00,652,voice
P017,P010,+91-90000-10017,+91-90000-10010,2026-06-23 23:51:00,820,voice
P003,P001,+91-90000-10003,+91-90000-10001,2026-07-18 16:05:00,568,voice
P012,P015,+91-90000-10012,+91-90000-10015,2026-07-21 19:13:00,719,voice
P044,P048,+91-90000-10044,+91-90000-10048,2026-06-22 10:40:00,124,voice
P006,P003,+91-90000-10006,+91-90000-10003,2026-08-17 12:35:00,299,voice
P001,P003,+91-90000-10001,+91-90000-10003,2026-07-20 03:19:00,642,voice
P007,P009,+91-90000-10007,+91-90000-10009,2026-07-08 12:30:00,116,voice
P005,P003,+91-90000-10005,+91-90000-10003,2026-08-19 19:21:00,479,voice
P006,P009,+91-90000-10006,+91-90000-10009,2026-06-09 02:50:00,609,voice
P031,P036,+91-90000-10031,+91-90000-10036,2026-08-20 10:05:00,587,voice
P002,P006,+91-90000-10002,+91-90000-10006,2026-06-16 21:30:00,640,voice
P005,P001,+91-90000-10005,+91-90000-10001,2026-06-23 18:37:00,209,voice
P008,P006,+91-90000-10008,+91-90000-10006,2026-08-23 05:21:00,756,voice
P008,P009,+91-90000-10008,+91-90000-10009,2026-06-04 02:12:00,727,voice
P005,P002,+91-90000-10005,+91-90000-10002,2026-08-22 13:06:00,355,voice
P023,P036,+91-90000-10023,+91-90000-10036,2026-08-08 22:48:00,290,voice
P002,P001,+91-90000-10002,+91-90000-10001,2026-08-04 07:21:00,38,voice
P043,P036,+91-90000-10043,+91-90000-10036,2026-08-02 00:40:00,760,voice
P045,P031,+91-90000-10045,+91-90000-10031,2026-08-13 18:50:00,34,voice
P023,P010,+91-90000-10023,+91-90000-10010,2026-07-10 05:21:00,869,voice
P045,P034,+91-90000-10045,+91-90000-10034,2026-08-11 09:08:00,646,voice
P003,P047,+91-90000-10003,+91-90000-10047,2026-07-18 19:42:00,694,voice
P004,P005,+91-90000-10004,+91-90000-10005,2026-07-05 04:17:00,743,voice
P021,P012,+91-90000-10021,+91-90000-10012,2026-07-24 22:59:00,763,voice
P003,P002,+91-90000-10003,+91-90000-10002,2026-07-18 17:57:00,577,voice
P042,P021,+91-90000-10042,+91-90000-10021,2026-06-17 03:57:00,879,voice
P003,P001,+91-90000-10003,+91-90000-10001,2026-08-14 14:25:00,316,voice
P009,P008,+91-90000-10009,+91-90000-10008,2026-08-05 03:58:00,812,voice
P031,P037,+91-90000-10031,+91-90000-10037,2026-07-07 07:32:00,859,voice
P002,P004,+91-90000-10002,+91-90000-10004,2026-08-04 00:18:00,33,voice
P020,P033,+91-90000-10020,+91-90000-10033,2026-08-08 08:25:00,496,voice
P008,P006,+91-90000-10008,+91-90000-10006,2026-07-09 01:00:00,192,voice
P014,P032,+91-90000-10014,+91-90000-10032,2026-08-02 05:35:00,612,voice
P005,P004,+91-90000-10005,+91-90000-10004,2026-06-04 01:00:00,121,voice
P027,P017,+91-90000-10027,+91-90000-10017,2026-06-14 20:22:00,175,voice
P008,P007,+91-90000-10008,+91-90000-10007,2026-06-07 09:58:00,263,voice
P002,P005,+91-90000-10002,+91-90000-10005,2026-06-21 10:03:00,358,voice
P007,P009,+91-90000-10007,+91-90000-10009,2026-08-22 14:12:00,399,voice
P006,P010,+91-90000-10006,+91-90000-10010,2026-06-02 18:16:00,417,voice
P007,P006,+91-90000-10007,+91-90000-10006,2026-07-05 23:00:00,273,voice
P010,P006,+91-90000-10010,+91-90000-10006,2026-06-05 04:06:00,610,voice
P001,P002,+91-90000-10001,+91-90000-10002,2026-06-20 20:06:00,649,voice
P009,P008,+91-90000-10009,+91-90000-10008,2026-07-07 18:21:00,102,voice
P010,P006,+91-90000-10010,+91-90000-10006,2026-08-23 02:08:00,339,voice
P026,P001,+91-90000-10026,+91-90000-10001,2026-08-24 04:10:00,497,voice
P006,P004,+91-90000-10006,+91-90000-10004,2026-06-05 08:34:00,835,voice
P036,P049,+91-90000-10036,+91-90000-10049,2026-06-14 14:22:00,621,voice
P010,P007,+91-90000-10010,+91-90000-10007,2026-08-23 01:56:00,734,voice
P010,P008,+91-90000-10010,+91-90000-10008,2026-08-10 19:06:00,163,voice
P004,P006,+91-90000-10004,+91-90000-10006,2026-08-13 02:07:00,610,voice
P032,P031,+91-90000-10032,+91-90000-10031,2026-08-12 11:15:00,387,voice
P031,P040,+91-90000-10031,+91-90000-10040,2026-07-27 00:28:00,36,voice
P010,P049,+91-90000-10010,+91-90000-10049,2026-06-25 19:15:00,226,voice
P010,P007,+91-90000-10010,+91-90000-10007,2026-08-16 20:15:00,397,voice
P009,P008,+91-90000-10009,+91-90000-10008,2026-07-15 09:12:00,847,voice
P005,P006,+91-90000-10005,+91-90000-10006,2026-07-13 03:23:00,268,voice
P006,P002,+91-90000-10006,+91-90000-10002,2026-07-22 13:57:00,563,voice
P041,P032,+91-90000-10041,+91-90000-10032,2026-06-03 04:26:00,603,voice
P006,P004,+91-90000-10006,+91-90000-10004,2026-08-02 14:13:00,733,voice
P009,P007,+91-90000-10009,+91-90000-10007,2026-06-16 02:48:00,508,voice
P002,P003,+91-90000-10002,+91-90000-10003,2026-08-16 06:28:00,152,voice
P006,P004,+91-90000-10006,+91-90000-10004,2026-06-26 04:01:00,820,voice
P023,P010,+91-90000-10023,+91-90000-10010,2026-07-04 04:36:00,261,voice
P012,P037,+91-90000-10012,+91-90000-10037,2026-06-22 05:51:00,364,voice
P015,P037,+91-90000-10015,+91-90000-10037,2026-07-18 17:05:00,648,voice
P004,P002,+91-90000-10004,+91-90000-10002,2026-08-14 14:10:00,680,voice
P009,P008,+91-90000-10009,+91-90000-10008,2026-07-06 15:52:00,30,voice
P004,P006,+91-90000-10004,+91-90000-10006,2026-07-22 21:29:00,329,voice
P002,P004,+91-90000-10002,+91-90000-10004,2026-08-16 08:20:00,710,voice
P004,P003,+91-90000-10004,+91-90000-10003,2026-07-01 04:12:00,165,voice
P002,P003,+91-90000-10002,+91-90000-10003,2026-08-16 14:06:00,725,voice
P008,P007,+91-90000-10008,+91-90000-10007,2026-06-15 21:32:00,805,voice
P009,P007,+91-90000-10009,+91-90000-10007,2026-06-02 11:08:00,181,voice
P008,P009,+91-90000-10008,+91-90000-10009,2026-08-14 20:00:00,39,voice
P004,P001,+91-90000-10004,+91-90000-10001,2026-07-01 08:44:00,27,voice
P007,P008,+91-90000-10007,+91-90000-10008,2026-07-12 18:32:00,160,voice
P013,P042,+91-90000-10013,+91-90000-10042,2026-08-19 18:29:00,298,voice
P023,P021,+91-90000-10023,+91-90000-10021,2026-06-17 14:03:00,238,voice
P044,P012,+91-90000-10044,+91-90000-10012,2026-06-10 00:16:00,894,voice
P004,P003,+91-90000-10004,+91-90000-10003,2026-08-22 19:47:00,710,voice
P006,P009,+91-90000-10006,+91-90000-10009,2026-07-18 11:52:00,498,voice
P001,P010,+91-90000-10001,+91-90000-10010,2026-06-20 17:55:00,427,voice
P006,P048,+91-90000-10006,+91-90000-10048,2026-08-05 21:50:00,777,voice
P002,P004,+91-90000-10002,+91-90000-10004,2026-06-03 18:00:00,295,voice
P006,P002,+91-90000-10006,+91-90000-10002,2026-06-02 15:25:00,91,voice
P009,P006,+91-90000-10009,+91-90000-10006,2026-07-18 18:40:00,374,voice
P006,P007,+91-90000-10006,+91-90000-10007,2026-08-05 20:15:00,798,voice
P001,P004,+91-90000-10001,+91-90000-10004,2026-06-26 09:01:00,503,voice
P007,P010,+91-90000-10007,+91-90000-10010,2026-06-16 19:09:00,769,voice
P003,P005,+91-90000-10003,+91-90000-10005,2026-06-20 03:50:00,368,voice
P004,P003,+91-90000-10004,+91-90000-10003,2026-06-22 04:51:00,870,voice
P010,P009,+91-90000-10010,+91-90000-10009,2026-08-21 17:11:00,717,voice
P004,P002,+91-90000-10004,+91-90000-10002,2026-08-15 13:23:00,706,voice
P030,P036,+91-90000-10030,+91-90000-10036,2026-06-02 22:26:00,112,voice
P039,P034,+91-90000-10039,+91-90000-10034,2026-06-06 23:19:00,205,voice
P004,P005,+91-90000-10004,+91-90000-10005,2026-06-15 20:15:00,862,voice
P004,P002,+91-90000-10004,+91-90000-10002,2026-08-27 16:28:00,487,voice
P005,P003,+91-90000-10005,+91-90000-10003,2026-07-16 20:01:00,538,voice
P022,P045,+91-90000-10022,+91-90000-10045,2026-06-23 01:17:00,642,voice
P015,P046,+91-90000-10015,+91-90000-10046,2026-06-11 04:05:00,174,voice
P027,P035,+91-90000-10027,+91-90000-10035,2026-06-15 06:00:00,684,voice
P003,P006,+91-90000-10003,+91-90000-10006,2026-08-12 10:21:00,423,voice
P035,P049,+91-90000-10035,+91-90000-10049,2026-06-08 06:06:00,479,voice
P037,P005,+91-90000-10037,+91-90000-10005,2026-08-03 00:29:00,631,voice
P008,P009,+91-90000-10008,+91-90000-10009,2026-06-24 13:21:00,205,voice
P007,P006,+91-90000-10007,+91-90000-10006,2026-06-25 22:27:00,676,voice
P048,P004,+91-90000-10048,+91-90000-10004,2026-08-16 18:23:00,231,voice
P006,P001,+91-90000-10006,+91-90000-10001,2026-08-10 09:43:00,489,voice
P006,P004,+91-90000-10006,+91-90000-10004,2026-07-01 22:36:00,894,voice
P012,P032,+91-90000-10012,+91-90000-10032,2026-06-01 10:09:00,610,voice
P004,P001,+91-90000-10004,+91-90000-10001,2026-07-18 13:00:00,799,voice
P025,P035,+91-90000-10025,+91-90000-10035,2026-07-27 15:42:00,779,voice
P007,P008,+91-90000-10007,+91-90000-10008,2026-07-03 21:42:00,641,voice
P010,P008,+91-90000-10010,+91-90000-10008,2026-08-11 06:55:00,346,voice
P050,P030,+91-90000-10050,+91-90000-10030,2026-06-08 09:56:00,410,voice
P005,P001,+91-90000-10005,+91-90000-10001,2026-08-17 07:09:00,239,voice
P030,P033,+91-90000-10030,+91-90000-10033,2026-07-05 10:43:00,125,voice
P001,P003,+91-90000-10001,+91-90000-10003,2026-06-23 14:52:00,342,voice
P025,P013,+91-90000-10025,+91-90000-10013,2026-08-09 19:14:00,539,voice
P046,P006,+91-90000-10046,+91-90000-10006,2026-06-25 00:07:00,799,voice
P001,P006,+91-90000-10001,+91-90000-10006,2026-06-25 13:36:00,288,voice
P004,P003,+91-90000-10004,+91-90000-10003,2026-08-08 18:45:00,151,voice
P001,P018,+91-90000-10001,+91-90000-10018,2026-06-04 22:07:00,837,voice
P006,P008,+91-90000-10006,+91-90000-10008,2026-06-21 01:37:00,887,voice
P007,P010,+91-90000-10007,+91-90000-10010,2026-06-05 13:47:00,880,voice
P022,P035,+91-90000-10022,+91-90000-10035,2026-06-05 12:04:00,282,voice
P027,P011,+91-90000-10027,+91-90000-10011,2026-06-27 12:48:00,776,voice
P002,P017,+91-90000-10002,+91-90000-10017,2026-07-07 05:49:00,871,voice
P008,P006,+91-90000-10008,+91-90000-10006,2026-06-22 02:16:00,273,voice
P030,P018,+91-90000-10030,+91-90000-10018,2026-06-04 05:16:00,770,voice
P001,P002,+91-90000-10001,+91-90000-10002,2026-08-08 17:49:00,273,voice
P005,P003,+91-90000-10005,+91-90000-10003,2026-07-11 01:25:00,299,voice
P007,P006,+91-90000-10007,+91-90000-10006,2026-07-23 06:58:00,800,voice
P010,P008,+91-90000-10010,+91-90000-10008,2026-06-17 01:28:00,156,voice
P004,P005,+91-90000-10004,+91-90000-10005,2026-07-05 15:13:00,284,voice
P005,P002,+91-90000-10005,+91-90000-10002,2026-06-09 06:47:00,107,voice
P047,P050,+91-90000-10047,+91-90000-10050,2026-06-19 09:51:00,773,voice
P005,P002,+91-90000-10005,+91-90000-10002,2026-06-12 23:04:00,399,voice
P004,P001,+91-90000-10004,+91-90000-10001,2026-07-27 13:39:00,255,voice
P004,P003,+91-90000-10004,+91-90000-10003,2026-06-05 23:11:00,690,voice
P006,P009,+91-90000-10006,+91-90000-10009,2026-07-18 20:53:00,770,voice
P012,P019,+91-90000-10012,+91-90000-10019,2026-08-20 03:21:00,123,voice
P007,P008,+91-90000-10007,+91-90000-10008,2026-06-10 22:55:00,474,voice
P005,P004,+91-90000-10005,+91-90000-10004,2026-06-27 08:48:00,333,voice
P038,P004,+91-90000-10038,+91-90000-10004,2026-08-05 15:00:00,824,voice
P010,P008,+91-90000-10010,+91-90000-10008,2026-07-24 20:56:00,754,voice
P009,P007,+91-90000-10009,+91-90000-10007,2026-07-26 06:40:00,822,voice
P002,P005,+91-90000-10002,+91-90000-10005,2026-08-21 16:38:00,515,voice
P005,P002,+91-90000-10005,+91-90000-10002,2026-06-01 20:42:00,251,voice
P005,P002,+91-90000-10005,+91-90000-10002,2026-07-15 09:00:00,636,voice
P010,P007,+91-90000-10010,+91-90000-10007,2026-08-19 21:31:00,341,voice
P006,P001,+91-90000-10006,+91-90000-10001,2026-08-16 23:39:00,668,voice
P003,P004,+91-90000-10003,+91-90000-10004,2026-08-06 07:18:00,584,voice
P002,P004,+91-90000-10002,+91-90000-10004,2026-08-18 03:25:00,60,voice
P005,P001,+91-90000-10005,+91-90000-10001,2026-06-27 03:28:00,626,voice
P002,P047,+91-90000-10002,+91-90000-10047,2026-06-07 09:22:00,442,voice
P004,P003,+91-90000-10004,+91-90000-10003,2026-08-13 09:25:00,456,voice
P009,P010,+91-90000-10009,+91-90000-10010,2026-07-21 05:19:00,297,voice
P022,P050,+91-90000-10022,+91-90000-10050,2026-06-08 15:15:00,289,voice
P010,P009,+91-90000-10010,+91-90000-10009,2026-07-27 18:06:00,561,voice
P046,P010,+91-90000-10046,+91-90000-10010,2026-06-25 23:24:00,771,voice
P007,P008,+91-90000-10007,+91-90000-10008,2026-08-07 23:09:00,732,voice
P050,P044,+91-90000-10050,+91-90000-10044,2026-07-17 21:59:00,453,voice
P005,P002,+91-90000-10005,+91-90000-10002,2026-06-20 16:06:00,152,voice
P010,P006,+91-90000-10010,+91-90000-10006,2026-06-21 23:01:00,726,voice
P004,P005,+91-90000-10004,+91-90000-10005,2026-06-16 21:55:00,709,voice
P006,P005,+91-90000-10006,+91-90000-10005,2026-06-02 06:14:00,138,voice
P009,P041,+91-90000-10009,+91-90000-10041,2026-06-06 23:12:00,560,voice
P006,P010,+91-90000-10006,+91-90000-10010,2026-07-08 13:43:00,388,voice
P006,P009,+91-90000-10006,+91-90000-10009,2026-06-25 17:55:00,637,voice
P006,P001,+91-90000-10006,+91-90000-10001,2026-07-09 12:58:00,284,voice
P025,P008,+91-90000-10025,+91-90000-10008,2026-08-08 00:48:00,192,voice
P005,P002,+91-90000-10005,+91-90000-10002,2026-08-14 04:18:00,669,voice
P029,P010,+91-90000-10029,+91-90000-10010,2026-06-10 18:17:00,116,voice
P006,P003,+91-90000-10006,+91-90000-10003,2026-08-10 08:00:00,894,voice
P002,P003,+91-90000-10002,+91-90000-10003,2026-08-27 10:44:00,354,voice
P010,P001,+91-90000-10010,+91-90000-10001,2026-06-05 08:12:00,589,voice
P007,P006,+91-90000-10007,+91-90000-10006,2026-08-09 00:57:00,88,voice
P001,P002,+91-90000-10001,+91-90000-10002,2026-06-26 01:34:00,866,voice
P027,P017,+91-90000-10027,+91-90000-10017,2026-08-25 01:38:00,473,voice
P003,P050,+91-90000-10003,+91-90000-10050,2026-06-22 13:56:00,683,voice
P026,P045,+91-90000-10026,+91-90000-10045,2026-06-21 00:00:00,504,voice
P003,P006,+91-90000-10003,+91-90000-10006,2026-06-09 18:39:00,147,voice
P038,P019,+91-90000-10038,+91-90000-10019,2026-08-12 15:45:00,307,voice
P005,P001,+91-90000-10005,+91-90000-10001,2026-06-18 01:02:00,416,voice
P028,P049,+91-90000-10028,+91-90000-10049,2026-08-08 07:48:00,119,voice
P007,P010,+91-90000-10007,+91-90000-10010,2026-08-22 20:07:00,715,voice
P006,P010,+91-90000-10006,+91-90000-10010,2026-06-10 02:32:00,276,voice
P006,P009,+91-90000-10006,+91-90000-10009,2026-06-24 09:39:00,421,voice
P004,P002,+91-90000-10004,+91-90000-10002,2026-08-27 02:17:00,421,voice
P024,P046,+91-90000-10024,+91-90000-10046,2026-07-19 00:47:00,574,voice
P004,P003,+91-90000-10004,+91-90000-10003,2026-08-12 12:06:00,485,voice
P007,P041,+91-90000-10007,+91-90000-10041,2026-07-23 16:18:00,523,voice
P017,P007,+91-90000-10017,+91-90000-10007,2026-08-22 09:07:00,255,voice
P005,P032,+91-90000-10005,+91-90000-10032,2026-06-07 13:47:00,101,voice
P009,P015,+91-90000-10009,+91-90000-10015,2026-07-27 14:41:00,504,voice
P002,P005,+91-90000-10002,+91-90000-10005,2026-07-10 06:49:00,787,voice
P005,P013,+91-90000-10005,+91-90000-10013,2026-08-25 22:53:00,190,voice
P005,P002,+91-90000-10005,+91-90000-10002,2026-06-09 04:39:00,684,voice
P004,P032,+91-90000-10004,+91-90000-10032,2026-07-07 20:52:00,567,voice
P010,P008,+91-90000-10010,+91-90000-10008,2026-08-02 12:02:00,467,voice
P022,P018,+91-90000-10022,+91-90000-10018,2026-06-06 00:09:00,253,voice
P004,P003,+91-90000-10004,+91-90000-10003,2026-08-19 19:30:00,90,voice
P005,P006,+91-90000-10005,+91-90000-10006,2026-06-22 14:44:00,18,voice
P005,P003,+91-90000-10005,+91-90000-10003,2026-06-17 22:49:00,498,voice
P006,P003,+91-90000-10006,+91-90000-10003,2026-08-05 23:17:00,376,voice
P004,P006,+91-90000-10004,+91-90000-10006,2026-06-09 07:10:00,875,voice
P023,P034,+91-90000-10023,+91-90000-10034,2026-07-11 01:48:00,735,voice
P006,P002,+91-90000-10006,+91-90000-10002,2026-07-13 13:10:00,200,voice
P006,P001,+91-90000-10006,+91-90000-10001,2026-06-12 16:22:00,489,voice
P022,P042,+91-90000-10022,+91-90000-10042,2026-06-10 16:50:00,778,voice
P006,P007,+91-90000-10006,+91-90000-10007,2026-08-01 16:33:00,687,voice
P006,P005,+91-90000-10006,+91-90000-10005,2026-07-19 11:19:00,679,voice
P008,P010,+91-90000-10008,+91-90000-10010,2026-08-04 11:44:00,138,voice
P040,P043,+91-90000-10040,+91-90000-10043,2026-08-10 11:11:00,591,voice
P004,P005,+91-90000-10004,+91-90000-10005,2026-06-23 22:14:00,750,voice
P004,P003,+91-90000-10004,+91-90000-10003,2026-07-08 09:18:00,179,voice
P042,P028,+91-90000-10042,+91-90000-10028,2026-08-10 04:56:00,736,voice
P003,P034,+91-90000-10003,+91-90000-10034,2026-06-02 12:53:00,223,voice
P022,P050,+91-90000-10022,+91-90000-10050,2026-07-23 16:38:00,641,voice
P005,P003,+91-90000-10005,+91-90000-10003,2026-08-08 02:22:00,496,voice
P039,P034,+91-90000-10039,+91-90000-10034,2026-07-14 22:58:00,796,voice
P009,P006,+91-90000-10009,+91-90000-10006,2026-06-06 04:08:00,836,voice
P010,P007,+91-90000-10010,+91-90000-10007,2026-07-07 20:09:00,132,voice
P006,P001,+91-90000-10006,+91-90000-10001,2026-06-27 03:58:00,468,voice
P005,P003,+91-90000-10005,+91-90000-10003,2026-07-10 14:40:00,351,voice
P020,P001,+91-90000-10020,+91-90000-10001,2026-06-08 12:44:00,18,voice
P006,P005,+91-90000-10006,+91-90000-10005,2026-08-22 17:48:00,527,voice
P003,P006,+91-90000-10003,+91-90000-10006,2026-06-14 05:58:00,261,voice
P031,P022,+91-90000-10031,+91-90000-10022,2026-07-20 04:44:00,163,voice
P009,P014,+91-90000-10009,+91-90000-10014,2026-08-15 19:27:00,375,voice
P010,P008,+91-90000-10010,+91-90000-10008,2026-07-20 20:27:00,776,voice
P020,P019,+91-90000-10020,+91-90000-10019,2026-07-08 18:36:00,272,voice
P003,P004,+91-90000-10003,+91-90000-10004,2026-06-16 19:23:00,849,voice
P041,P050,+91-90000-10041,+91-90000-10050,2026-07-20 07:59:00,256,voice
P026,P028,+91-90000-10026,+91-90000-10028,2026-07-26 15:28:00,626,voice
P022,P009,+91-90000-10022,+91-90000-10009,2026-08-22 00:27:00,899,voice
P039,P022,+91-90000-10039,+91-90000-10022,2026-06-09 19:01:00,84,voice
P008,P010,+91-90000-10008,+91-90000-10010,2026-06-21 05:35:00,790,voice
P037,P006,+91-90000-10037,+91-90000-10006,2026-07-14 20:20:00,849,voice
P010,P007,+91-90000-10010,+91-90000-10007,2026-08-23 17:21:00,467,voice
P041,P044,+91-90000-10041,+91-90000-10044,2026-07-05 07:43:00,55,voice
P007,P008,+91-90000-10007,+91-90000-10008,2026-06-06 19:50:00,588,voice
P006,P007,+91-90000-10006,+91-90000-10007,2026-06-10 02:47:00,82,voice
P001,P006,+91-90000-10001,+91-90000-10006,2026-08-11 22:20:00,779,voice
P040,P016,+91-90000-10040,+91-90000-10016,2026-06-10 23:18:00,898,voice
P004,P005,+91-90000-10004,+91-90000-10005,2026-07-02 06:21:00,741,voice
P020,P037,+91-90000-10020,+91-90000-10037,2026-07-01 02:09:00,215,voice
P003,P005,+91-90000-10003,+91-90000-10005,2026-07-18 04:30:00,594,voice
P001,P009,+91-90000-10001,+91-90000-10009,2026-06-04 19:15:00,281,voice
P002,P003,+91-90000-10002,+91-90000-10003,2026-06-02 06:33:00,57,voice
P006,P009,+91-90000-10006,+91-90000-10009,2026-07-02 03:19:00,313,voice
P008,P006,+91-90000-10008,+91-90000-10006,2026-07-03 17:08:00,211,voice
P045,P039,+91-90000-10045,+91-90000-10039,2026-07-16 07:28:00,707,voice
P034,P043,+91-90000-10034,+91-90000-10043,2026-07-18 09:08:00,655,voice
P001,P005,+91-90000-10001,+91-90000-10005,2026-08-26 13:53:00,337,voice
P045,P013,+91-90000-10045,+91-90000-10013,2026-07-17 21:38:00,835,voice
P001,P005,+91-90000-10001,+91-90000-10005,2026-08-13 01:10:00,217,voice
P036,P029,+91-90000-10036,+91-90000-10029,2026-06-13 22:34:00,451,voice
P005,P002,+91-90000-10005,+91-90000-10002,2026-06-11 01:07:00,449,voice
P041,P038,+91-90000-10041,+91-90000-10038,2026-06-10 21:41:00,130,voice
P022,P006,+91-90000-10022,+91-90000-10006,2026-08-05 10:26:00,103,voice
P006,P002,+91-90000-10006,+91-90000-10002,2026-06-25 08:11:00,495,voice
P010,P008,+91-90000-10010,+91-90000-10008,2026-08-08 21:32:00,599,voice
P024,P048,+91-90000-10024,+91-90000-10048,2026-08-26 23:28:00,621,voice
P010,P007,+91-90000-10010,+91-90000-10007,2026-08-02 00:03:00,740,voice
P007,P008,+91-90000-10007,+91-90000-10008,2026-08-15 08:24:00,613,voice
P031,P038,+91-90000-10031,+91-90000-10038,2026-08-21 04:25:00,203,voice
P006,P009,+91-90000-10006,+91-90000-10009,2026-07-26 13:34:00,268,voice
P004,P002,+91-90000-10004,+91-90000-10002,2026-08-13 15:14:00,416,voice
P002,P005,+91-90000-10002,+91-90000-10005,2026-08-18 22:02:00,577,voice
P026,P013,+91-90000-10026,+91-90000-10013,2026-06-25 11:20:00,374,voice
P003,P006,+91-90000-10003,+91-90000-10006,2026-08-16 19:30:00,747,voice
P008,P006,+91-90000-10008,+91-90000-10006,2026-06-19 10:45:00,806,voice
P001,P005,+91-90000-10001,+91-90000-10005,2026-07-02 05:02:00,478,voice
P005,P004,+91-90000-10005,+91-90000-10004,2026-07-24 11:40:00,879,voice
P002,P005,+91-90000-10002,+91-90000-10005,2026-06-12 16:15:00,495,voice
P039,P018,+91-90000-10039,+91-90000-10018,2026-08-18 04:30:00,430,voice
P004,P023,+91-90000-10004,+91-90000-10023,2026-07-13 20:19:00,44,voice
P005,P004,+91-90000-10005,+91-90000-10004,2026-08-20 09:19:00,653,voice
P005,P002,+91-90000-10005,+91-90000-10002,2026-08-22 05:55:00,107,voice
P006,P001,+91-90000-10006,+91-90000-10001,2026-06-01 05:55:00,332,voice
P010,P009,+91-90000-10010,+91-90000-10009,2026-08-26 22:31:00,617,voice
P006,P007,+91-90000-10006,+91-90000-10007,2026-06-16 03:16:00,622,voice
P006,P009,+91-90000-10006,+91-90000-10009,2026-07-20 15:58:00,257,voice
P008,P006,+91-90000-10008,+91-90000-10006,2026-08-05 23:04:00,814,voice
P003,P004,+91-90000-10003,+91-90000-10004,2026-07-20 01:26:00,728,voice
P008,P009,+91-90000-10008,+91-90000-10009,2026-06-23 06:47:00,421,voice
P009,P017,+91-90000-10009,+91-90000-10017,2026-06-14 14:25:00,790,voice
P004,P006,+91-90000-10004,+91-90000-10006,2026-08-07 15:04:00,119,voice
P003,P004,+91-90000-10003,+91-90000-10004,2026-07-25 06:33:00,37,voice
P002,P005,+91-90000-10002,+91-90000-10005,2026-07-05 23:59:00,882,voice
P040,P026,+91-90000-10040,+91-90000-10026,2026-06-01 07:04:00,27,voice
P013,P050,+91-90000-10013,+91-90000-10050,2026-07-07 14:44:00,355,voice
P043,P048,+91-90000-10043,+91-90000-10048,2026-06-21 07:01:00,627,voice
P003,P004,+91-90000-10003,+91-90000-10004,2026-07-12 13:07:00,299,voice
P002,P005,+91-90000-10002,+91-90000-10005,2026-06-25 01:29:00,526,voice
P037,P047,+91-90000-10037,+91-90000-10047,2026-08-24 02:17:00,832,voice
P004,P046,+91-90000-10004,+91-90000-10046,2026-07-15 02:20:00,332,voice
P008,P010,+91-90000-10008,+91-90000-10010,2026-07-07 13:52:00,120,voice
P048,P012,+91-90000-10048,+91-90000-10012,2026-07-08 15:17:00,734,voice
P046,P020,+91-90000-10046,+91-90000-10020,2026-07-26 09:48:00,523,voice
P033,P013,+91-90000-10033,+91-90000-10013,2026-07-22 16:32:00,314,voice
P004,P001,+91-90000-10004,+91-90000-10001,2026-07-02 23:32:00,540,voice
P006,P009,+91-90000-10006,+91-90000-10009,2026-07-01 23:09:00,715,voice
P014,P042,+91-90000-10014,+91-90000-10042,2026-08-11 08:52:00,238,voice
P048,P041,+91-90000-10048,+91-90000-10041,2026-08-04 03:00:00,414,voice
P005,P002,+91-90000-10005,+91-90000-10002,2026-07-07 00:24:00,449,voice
P006,P007,+91-90000-10006,+91-90000-10007,2026-06-25 13:34:00,896,voice
P009,P006,+91-90000-10009,+91-90000-10006,2026-07-16 17:05:00,356,voice
P001,P004,+91-90000-10001,+91-90000-10004,2026-08-13 21:22:00,41,voice
P002,P004,+91-90000-10002,+91-90000-10004,2026-06-03 00:14:00,371,voice
P003,P001,+91-90000-10003,+91-90000-10001,2026-06-20 10:15:00,712,voice
P025,P043,+91-90000-10025,+91-90000-10043,2026-06-25 15:36:00,186,voice
P048,P033,+91-90000-10048,+91-90000-10033,2026-06-11 23:14:00,346,voice
P010,P008,+91-90000-10010,+91-90000-10008,2026-07-13 17:55:00,524,voice
P006,P005,+91-90000-10006,+91-90000-10005,2026-06-03 23:31:00,280,voice
P046,P020,+91-90000-10046,+91-90000-10020,2026-06-22 00:27:00,660,voice
P002,P001,+91-90000-10002,+91-90000-10001,2026-06-03 05:58:00,834,voice
P006,P018,+91-90000-10006,+91-90000-10018,2026-06-27 04:48:00,740,voice
P001,P006,+91-90000-10001,+91-90000-10006,2026-08-04 20:34:00,772,voice
P008,P007,+91-90000-10008,+91-90000-10007,2026-06-21 13:13:00,261,voice
P008,P007,+91-90000-10008,+91-90000-10007,2026-08-27 15:14:00,461,voice
P006,P007,+91-90000-10006,+91-90000-10007,2026-07-22 04:46:00,443,voice
P007,P010,+91-90000-10007,+91-90000-10010,2026-08-08 15:11:00,755,voice
P010,P007,+91-90000-10010,+91-90000-10007,2026-07-23 15:43:00,498,voice
P042,P034,+91-90000-10042,+91-90000-10034,2026-08-02 16:43:00,683,voice
P007,P005,+91-90000-10007,+91-90000-10005,2026-06-24 13:33:00,288,voice
P004,P005,+91-90000-10004,+91-90000-10005,2026-07-02 22:20:00,808,voice
P016,P012,+91-90000-10016,+91-90000-10012,2026-08-11 09:55:00,245,voice
P008,P009,+91-90000-10008,+91-90000-10009,2026-08-17 00:00:00,758,voice
P036,P014,+91-90000-10036,+91-90000-10014,2026-06-02 23:00:00,346,voice
P009,P006,+91-90000-10009,+91-90000-10006,2026-06-15 09:17:00,196,voice
P047,P009,+91-90000-10047,+91-90000-10009,2026-06-25 18:10:00,60,voice
P047,P032,+91-90000-10047,+91-90000-10032,2026-08-03 08:10:00,767,voice
P004,P006,+91-90000-10004,+91-90000-10006,2026-07-08 23:50:00,535,voice
P005,P006,+91-90000-10005,+91-90000-10006,2026-07-11 02:39:00,883,voice
P009,P036,+91-90000-10009,+91-90000-10036,2026-08-07 09:02:00,653,voice
P003,P006,+91-90000-10003,+91-90000-10006,2026-06-17 19:14:00,296,voice
P003,P016,+91-90000-10003,+91-90000-10016,2026-08-25 02:43:00,766,voice
P001,P002,+91-90000-10001,+91-90000-10002,2026-07-26 02:55:00,843,voice
P003,P005,+91-90000-10003,+91-90000-10005,2026-08-03 13:48:00,348,voice
P050,P025,+91-90000-10050,+91-90000-10025,2026-07-26 01:31:00,184,voice
P046,P033,+91-90000-10046,+91-90000-10033,2026-06-02 20:27:00,204,voice
P008,P007,+91-90000-10008,+91-90000-10007,2026-06-18 14:05:00,566,voice
P050,P044,+91-90000-10050,+91-90000-10044,2026-08-13 13:43:00,235,voice
P004,P018,+91-90000-10004,+91-90000-10018,2026-06-10 09:25:00,524,voice
P014,P007,+91-90000-10014,+91-90000-10007,2026-06-25 09:38:00,25,voice
P002,P003,+91-90000-10002,+91-90000-10003,2026-07-15 00:40:00,578,voice
P009,P007,+91-90000-10009,+91-90000-10007,2026-06-24 16:16:00,732,voice
P041,P047,+91-90000-10041,+91-90000-10047,2026-08-09 07:20:00,795,voice
P020,P029,+91-90000-10020,+91-90000-10029,2026-07-15 14:03:00,728,voice
P008,P007,+91-90000-10008,+91-90000-10007,2026-06-19 16:33:00,498,voice
P008,P006,+91-90000-10008,+91-90000-10006,2026-06-15 19:53:00,591,voice
P002,P006,+91-90000-10002,+91-90000-10006,2026-08-10 20:56:00,225,voice
P042,P019,+91-90000-10042,+91-90000-10019,2026-07-26 22:43:00,164,voice
P049,P021,+91-90000-10049,+91-90000-10021,2026-06-15 11:29:00,93,voice
P007,P009,+91-90000-10007,+91-90000-10009,2026-06-23 02:36:00,385,voice
P001,P006,+91-90000-10001,+91-90000-10006,2026-06-05 23:56:00,202,voice
P007,P008,+91-90000-10007,+91-90000-10008,2026-08-21 08:52:00,369,voice
P006,P002,+91-90000-10006,+91-90000-10002,2026-06-18 03:52:00,296,voice
P008,P010,+91-90000-10008,+91-90000-10010,2026-06-14 15:40:00,843,voice
P010,P006,+91-90000-10010,+91-90000-10006,2026-08-09 17:18:00,672,voice
P004,P002,+91-90000-10004,+91-90000-10002,2026-06-25 03:14:00,63,voice
P005,P004,+91-90000-10005,+91-90000-10004,2026-08-26 02:39:00,451,voice
P039,P013,+91-90000-10039,+91-90000-10013,2026-08-27 13:51:00,215,voice
P008,P007,+91-90000-10008,+91-90000-10007,2026-08-22 12:37:00,56,voice
P004,P002,+91-90000-10004,+91-90000-10002,2026-07-15 23:18:00,241,voice
P002,P004,+91-90000-10002,+91-90000-10004,2026-08-14 18:34:00,773,voice
P005,P003,+91-90000-10005,+91-90000-10003,2026-07-20 15:58:00,490,voice
P009,P010,+91-90000-10009,+91-90000-10010,2026-08-13 19:40:00,528,voice
P009,P007,+91-90000-10009,+91-90000-10007,2026-06-11 22:31:00,261,voice
P043,P017,+91-90000-10043,+91-90000-10017,2026-07-14 08:53:00,645,voice
P003,P012,+91-90000-10003,+91-90000-10012,2026-08-04 08:42:00,179,voice
P033,P001,+91-90000-10033,+91-90000-10001,2026-06-05 00:05:00,853,voice
P007,P006,+91-90000-10007,+91-90000-10006,2026-06-15 08:37:00,452,voice
P002,P003,+91-90000-10002,+91-90000-10003,2026-06-24 06:41:00,197,voice
P007,P010,+91-90000-10007,+91-90000-10010,2026-07-26 02:50:00,269,voice
P002,P006,+91-90000-10002,+91-90000-10006,2026-07-09 06:09:00,118,voice
P005,P004,+91-90000-10005,+91-90000-10004,2026-06-14 11:17:00,88,voice
P028,P037,+91-90000-10028,+91-90000-10037,2026-06-01 02:44:00,215,voice
P008,P009,+91-90000-10008,+91-90000-10009,2026-06-05 18:25:00,863,voice
P009,P006,+91-90000-10009,+91-90000-10006,2026-08-26 04:35:00,301,voice
P003,P006,+91-90000-10003,+91-90000-10006,2026-07-25 00:53:00,422,voice
P003,P001,+91-90000-10003,+91-90000-10001,2026-08-02 09:49:00,408,voice
P005,P002,+91-90000-10005,+91-90000-10002,2026-06-01 05:07:00,428,voice
P001,P005,+91-90000-10001,+91-90000-10005,2026-07-04 07:00:00,315,voice
P010,P008,+91-90000-10010,+91-90000-10008,2026-06-04 09:04:00,548,voice
P047,P038,+91-90000-10047,+91-90000-10038,2026-08-18 09:43:00,167,voice
P003,P006,+91-90000-10003,+91-90000-10006,2026-08-09 18:24:00,482,voice
P010,P008,+91-90000-10010,+91-90000-10008,2026-08-19 11:22:00,635,voice
P010,P007,+91-90000-10010,+91-90000-10007,2026-06-06 08:41:00,202,voice
P031,P050,+91-90000-10031,+91-90000-10050,2026-06-20 23:19:00,350,voice
P003,P006,+91-90000-10003,+91-90000-10006,2026-07-10 18:44:00,332,voice
P001,P002,+91-90000-10001,+91-90000-10002,2026-07-21 23:33:00,530,voice
P006,P004,+91-90000-10006,+91-90000-10004,2026-08-13 17:33:00,787,voice
P002,P003,+91-90000-10002,+91-90000-10003,2026-07-13 18:26:00,409,voice
P009,P010,+91-90000-10009,+91-90000-10010,2026-06-25 13:23:00,611,voice
P002,P006,+91-90000-10002,+91-90000-10006,2026-06-14 03:38:00,193,voice
P046,P025,+91-90000-10046,+91-90000-10025,2026-07-09 00:50:00,479,voice
P007,P006,+91-90000-10007,+91-90000-10006,2026-06-05 15:20:00,75,voice
P007,P010,+91-90000-10007,+91-90000-10010,2026-07-07 16:33:00,676,voice
P008,P007,+91-90000-10008,+91-90000-10007,2026-08-23 21:25:00,120,voice
P018,P024,+91-90000-10018,+91-90000-10024,2026-06-24 15:23:00,679,voice
P035,P039,+91-90000-10035,+91-90000-10039,2026-08-20 01:33:00,745,voice
P008,P007,+91-90000-10008,+91-90000-10007,2026-08-27 13:07:00,545,voice
P004,P003,+91-90000-10004,+91-90000-10003,2026-06-12 04:27:00,69,voice
P009,P010,+91-90000-10009,+91-90000-10010,2026-06-05 16:00:00,742,voice
P009,P010,+91-90000-10009,+91-90000-10010,2026-07-15 02:27:00,621,voice
P046,P033,+91-90000-10046,+91-90000-10033,2026-08-06 03:54:00,399,voice
P004,P001,+91-90000-10004,+91-90000-10001,2026-06-08 02:18:00,214,voice
P004,P001,+91-90000-10004,+91-90000-10001,2026-06-07 17:51:00,795,voice
P027,P013,+91-90000-10027,+91-90000-10013,2026-06-20 09:59:00,776,voice
P003,P005,+91-90000-10003,+91-90000-10005,2026-06-25 06:46:00,271,voice
P009,P008,+91-90000-10009,+91-90000-10008,2026-06-18 19:28:00,643,voice
P006,P002,+91-90000-10006,+91-90000-10002,2026-06-18 12:27:00,365,voice
P009,P008,+91-90000-10009,+91-90000-10008,2026-06-25 11:38:00,340,voice
P002,P005,+91-90000-10002,+91-90000-10005,2026-08-05 03:26:00,645,voice
P007,P008,+91-90000-10007,+91-90000-10008,2026-07-24 11:16:00,30,voice
P006,P010,+91-90000-10006,+91-90000-10010,2026-06-10 14:53:00,135,voice
P048,P041,+91-90000-10048,+91-90000-10041,2026-06-18 08:01:00,683,voice
P009,P010,+91-90000-10009,+91-90000-10010,2026-06-08 22:44:00,449,voice
P039,P040,+91-90000-10039,+91-90000-10040,2026-06-21 08:47:00,432,voice
P009,P007,+91-90000-10009,+91-90000-10007,2026-06-04 17:38:00,622,voice
P004,P003,+91-90000-10004,+91-90000-10003,2026-08-16 23:53:00,483,voice
P008,P009,+91-90000-10008,+91-90000-10009,2026-07-16 01:02:00,316,voice
P002,P001,+91-90000-10002,+91-90000-10001,2026-08-14 18:07:00,770,voice
P010,P007,+91-90000-10010,+91-90000-10007,2026-08-14 16:27:00,213,voice
P036,P016,+91-90000-10036,+91-90000-10016,2026-08-09 06:26:00,174,voice
P010,P009,+91-90000-10010,+91-90000-10009,2026-08-08 12:56:00,343,voice
P001,P003,+91-90000-10001,+91-90000-10003,2026-07-24 22:42:00,608,voice
P001,P004,+91-90000-10001,+91-90000-10004,2026-07-16 23:01:00,556,voice
P003,P022,+91-90000-10003,+91-90000-10022,2026-06-09 04:02:00,243,voice
P008,P010,+91-90000-10008,+91-90000-10010,2026-06-07 11:24:00,189,voice
P002,P005,+91-90000-10002,+91-90000-10005,2026-08-19 01:17:00,642,voice
P006,P009,+91-90000-10006,+91-90000-10009,2026-08-14 20:26:00,673,voice
P004,P002,+91-90000-10004,+91-90000-10002,2026-08-11 20:38:00,334,voice
P045,P024,+91-90000-10045,+91-90000-10024,2026-08-25 10:58:00,305,voice
P004,P001,+91-90000-10004,+91-90000-10001,2026-08-09 09:52:00,826,voice
P010,P008,+91-90000-10010,+91-90000-10008,2026-06-19 05:22:00,375,voice
P004,P005,+91-90000-10004,+91-90000-10005,2026-07-24 06:38:00,385,voice
P001,P002,+91-90000-10001,+91-90000-10002,2026-06-03 11:08:00,832,voice
P001,P004,+91-90000-10001,+91-90000-10004,2026-08-03 04:20:00,671,voice
P049,P038,+91-90000-10049,+91-90000-10038,2026-06-11 14:39:00,35,voice
P039,P031,+91-90000-10039,+91-90000-10031,2026-07-23 18:55:00,155,voice
P026,P028,+91-90000-10026,+91-90000-10028,2026-07-12 01:21:00,143,voice
P049,P016,+91-90000-10049,+91-90000-10016,2026-08-26 19:22:00,402,voice
P031,P032,+91-90000-10031,+91-90000-10032,2026-07-16 08:39:00,536,voice
P040,P022,+91-90000-10040,+91-90000-10022,2026-06-19 08:14:00,41,voice
P039,P012,+91-90000-10039,+91-90000-10012,2026-08-06 13:27:00,468,voice
P028,P033,+91-90000-10028,+91-90000-10033,2026-08-04 01:32:00,617,voice
P009,P010,+91-90000-10009,+91-90000-10010,2026-06-18 21:02:00,89,voice
P002,P005,+91-90000-10002,+91-90000-10005,2026-06-20 08:18:00,95,voice
P005,P001,+91-90000-10005,+91-90000-10001,2026-06-23 21:24:00,188,voice
P030,P033,+91-90000-10030,+91-90000-10033,2026-08-27 14:04:00,671,voice
P007,P010,+91-90000-10007,+91-90000-10010,2026-07-05 20:28:00,275,voice
P046,P005,+91-90000-10046,+91-90000-10005,2026-06-24 00:11:00,676,voice
P001,P004,+91-90000-10001,+91-90000-10004,2026-08-10 07:09:00,62,voice
P036,P006,+91-90000-10036,+91-90000-10006,2026-06-20 07:16:00,282,voice
P002,P003,+91-90000-10002,+91-90000-10003,2026-07-14 13:18:00,899,voice
P006,P009,+91-90000-10006,+91-90000-10009,2026-08-09 08:28:00,402,voice
P006,P032,+91-90000-10006,+91-90000-10032,2026-08-15 11:00:00,375,voice
P009,P010,+91-90000-10009,+91-90000-10010,2026-08-17 02:54:00,201,voice
P017,P033,+91-90000-10017,+91-90000-10033,2026-07-13 13:02:00,657,voice
P008,P006,+91-90000-10008,+91-90000-10006,2026-07-26 23:58:00,549,voice
P004,P001,+91-90000-10004,+91-90000-10001,2026-08-14 10:32:00,527,voice
P001,P005,+91-90000-10001,+91-90000-10005,2026-07-07 15:38:00,456,voice
P007,P008,+91-90000-10007,+91-90000-10008,2026-08-22 09:07:00,268,voice
P002,P034,+91-90000-10002,+91-90000-10034,2026-08-03 02:26:00,77,voice
P039,P010,+91-90000-10039,+91-90000-10010,2026-08-21 11:36:00,257,voice
P006,P003,+91-90000-10006,+91-90000-10003,2026-07-14 13:38:00,188,voice
P004,P034,+91-90000-10004,+91-90000-10034,2026-07-09 20:38:00,368,voice
P002,P006,+91-90000-10002,+91-90000-10006,2026-07-24 12:45:00,817,voice
P005,P002,+91-90000-10005,+91-90000-10002,2026-06-19 05:32:00,314,voice
P009,P006,+91-90000-10009,+91-90000-10006,2026-07-25 20:21:00,346,voice
P006,P008,+91-90000-10006,+91-90000-10008,2026-07-24 13:43:00,153,voice
P013,P029,+91-90000-10013,+91-90000-10029,2026-08-03 03:48:00,584,voice
P048,P012,+91-90000-10048,+91-90000-10012,2026-06-25 18:32:00,147,voice
P020,P001,+91-90000-10020,+91-90000-10001,2026-07-03 20:12:00,116,voice
P007,P003,+91-90000-10007,+91-90000-10003,2026-06-02 10:03:00,889,voice
P009,P008,+91-90000-10009,+91-90000-10008,2026-08-08 10:11:00,427,voice
P009,P006,+91-90000-10009,+91-90000-10006,2026-08-01 20:47:00,140,voice
P001,P002,+91-90000-10001,+91-90000-10002,2026-06-03 21:31:00,578,voice
P004,P002,+91-90000-10004,+91-90000-10002,2026-06-17 00:38:00,454,voice
P010,P006,+91-90000-10010,+91-90000-10006,2026-08-20 02:59:00,819,voice
P003,P006,+91-90000-10003,+91-90000-10006,2026-07-12 18:47:00,605,voice
P005,P002,+91-90000-10005,+91-90000-10002,2026-06-06 16:00:00,277,voice
P008,P009,+91-90000-10008,+91-90000-10009,2026-08-25 21:30:00,871,voice
P028,P001,+91-90000-10028,+91-90000-10001,2026-07-16 02:24:00,527,voice
P003,P005,+91-90000-10003,+91-90000-10005,2026-08-11 14:23:00,733,voice
P001,P006,+91-90000-10001,+91-90000-10006,2026-07-10 09:40:00,804,voice
P008,P010,+91-90000-10008,+91-90000-10010,2026-07-17 12:59:00,629,voice
P044,P028,+91-90000-10044,+91-90000-10028,2026-08-07 03:42:00,139,voice
P010,P008,+91-90000-10010,+91-90000-10008,2026-07-27 20:42:00,461,voice
P009,P010,+91-90000-10009,+91-90000-10010,2026-06-21 10:06:00,589,voice
P006,P009,+91-90000-10006,+91-90000-10009,2026-07-19 02:53:00,763,voice
P030,P011,+91-90000-10030,+91-90000-10011,2026-06-26 22:36:00,720,voice
P007,P009,+91-90000-10007,+91-90000-10009,2026-07-03 11:03:00,74,voice
P009,P007,+91-90000-10009,+91-90000-10007,2026-08-15 13:12:00,592,voice
P012,P042,+91-90000-10012,+91-90000-10042,2026-07-04 13:34:00,735,voice
P001,P005,+91-90000-10001,+91-90000-10005,2026-06-25 01:42:00,391,voice
P002,P005,+91-90000-10002,+91-90000-10005,2026-06-11 22:50:00,416,voice
P010,P009,+91-90000-10010,+91-90000-10009,2026-07-27 19:15:00,611,voice
P004,P005,+91-90000-10004,+91-90000-10005,2026-06-04 17:37:00,95,voice
P004,P002,+91-90000-10004,+91-90000-10002,2026-07-21 07:42:00,474,voice
P044,P031,+91-90000-10044,+91-90000-10031,2026-08-14 11:13:00,559,voice
P001,P004,+91-90000-10001,+91-90000-10004,2026-07-19 16:24:00,661,voice
P001,P006,+91-90000-10001,+91-90000-10006,2026-07-06 17:06:00,811,voice
P009,P007,+91-90000-10009,+91-90000-10007,2026-07-12 01:19:00,705,voice
P010,P008,+91-90000-10010,+91-90000-10008,2026-08-18 11:50:00,410,voice
P010,P008,+91-90000-10010,+91-90000-10008,2026-08-07 18:03:00,270,voice
P003,P002,+91-90000-10003,+91-90000-10002,2026-07-21 05:35:00,84,voice
P028,P005,+91-90000-10028,+91-90000-10005,2026-06-09 03:15:00,625,voice
P024,P002,+91-90000-10024,+91-90000-10002,2026-07-20 13:22:00,24,voice
P005,P002,+91-90000-10005,+91-90000-10002,2026-08-09 14:02:00,101,voice
P010,P007,+91-90000-10010,+91-90000-10007,2026-06-10 04:03:00,634,voice
P044,P015,+91-90000-10044,+91-90000-10015,2026-06-15 05:22:00,747,voice
P002,P006,+91-90000-10002,+91-90000-10006,2026-08-05 09:22:00,711,voice
P006,P007,+91-90000-10006,+91-90000-10007,2026-06-23 13:11:00,137,voice
P009,P007,+91-90000-10009,+91-90000-10007,2026-08-01 20:58:00,780,voice
P008,P007,+91-90000-10008,+91-90000-10007,2026-08-20 09:52:00,76,voice
P006,P010,+91-90000-10006,+91-90000-10010,2026-06-24 13:35:00,484,voice
P007,P008,+91-90000-10007,+91-90000-10008,2026-07-02 15:51:00,247,voice
P034,P021,+91-90000-10034,+91-90000-10021,2026-06-20 12:52:00,123,voice
P043,P025,+91-90000-10043,+91-90000-10025,2026-06-14 05:42:00,383,voice
P002,P044,+91-90000-10002,+91-90000-10044,2026-06-11 05:04:00,713,voice
P034,P045,+91-90000-10034,+91-90000-10045,2026-08-22 21:11:00,652,voice
P001,P007,+91-90000-10001,+91-90000-10007,2026-07-26 11:18:00,865,voice
P008,P006,+91-90000-10008,+91-90000-10006,2026-07-22 14:22:00,305,voice
P002,P006,+91-90000-10002,+91-90000-10006,2026-07-25 17:18:00,354,voice
P002,P029,+91-90000-10002,+91-90000-10029,2026-06-05 23:52:00,527,voice
P035,P017,+91-90000-10035,+91-90000-10017,2026-06-12 09:03:00,541,voice
P010,P007,+91-90000-10010,+91-90000-10007,2026-06-05 17:19:00,418,voice
P006,P010,+91-90000-10006,+91-90000-10010,2026-08-09 05:58:00,478,voice
P005,P003,+91-90000-10005,+91-90000-10003,2026-06-03 03:21:00,660,voice
P009,P013,+91-90000-10009,+91-90000-10013,2026-06-10 10:22:00,97,voice
P004,P002,+91-90000-10004,+91-90000-10002,2026-08-03 23:29:00,369,voice
P010,P001,+91-90000-10010,+91-90000-10001,2026-07-10 00:12:00,31,voice
P002,P004,+91-90000-10002,+91-90000-10004,2026-08-24 13:36:00,142,voice
P006,P010,+91-90000-10006,+91-90000-10010,2026-08-10 12:08:00,245,voice
P048,P037,+91-90000-10048,+91-90000-10037,2026-08-21 06:33:00,846,voice
P005,P006,+91-90000-10005,+91-90000-10006,2026-06-19 21:33:00,668,voice
P020,P011,+91-90000-10020,+91-90000-10011,2026-06-02 02:37:00,714,voice
P008,P009,+91-90000-10008,+91-90000-10009,2026-06-06 15:05:00,383,voice
P001,P003,+91-90000-10001,+91-90000-10003,2026-08-19 04:41:00,764,voice
P010,P006,+91-90000-10010,+91-90000-10006,2026-07-14 15:59:00,501,voice
P006,P008,+91-90000-10006,+91-90000-10008,2026-08-19 12:31:00,713,voice
P006,P010,+91-90000-10006,+91-90000-10010,2026-06-21 16:11:00,676,voice
P008,P006,+91-90000-10008,+91-90000-10006,2026-07-08 20:29:00,705,voice
P008,P009,+91-90000-10008,+91-90000-10009,2026-06-19 21:19:00,272,voice
P010,P009,+91-90000-10010,+91-90000-10009,2026-07-14 02:02:00,127,voice
P004,P006,+91-90000-10004,+91-90000-10006,2026-06-13 20:51:00,390,voice
P012,P009,+91-90000-10012,+91-90000-10009,2026-08-26 13:00:00,416,voice
P004,P003,+91-90000-10004,+91-90000-10003,2026-06-19 08:20:00,35,voice
P007,P006,+91-90000-10007,+91-90000-10006,2026-06-08 02:52:00,526,voice
P006,P003,+91-90000-10006,+91-90000-10003,2026-06-15 18:44:00,482,voice
P005,P002,+91-90000-10005,+91-90000-10002,2026-07-16 08:51:00,407,voice
P006,P009,+91-90000-10006,+91-90000-10009,2026-07-19 18:42:00,685,voice
P001,P003,+91-90000-10001,+91-90000-10003,2026-06-04 23:15:00,648,voice
P015,P031,+91-90000-10015,+91-90000-10031,2026-08-11 07:41:00,218,voice
P003,P004,+91-90000-10003,+91-90000-10004,2026-06-23 03:51:00,92,voice
P006,P010,+91-90000-10006,+91-90000-10010,2026-07-21 10:39:00,119,voice
P006,P007,+91-90000-10006,+91-90000-10007,2026-07-03 13:35:00,626,voice
P003,P005,+91-90000-10003,+91-90000-10005,2026-06-09 03:17:00,541,voice
P008,P007,+91-90000-10008,+91-90000-10007,2026-08-22 15:26:00,329,voice
P004,P005,+91-90000-10004,+91-90000-10005,2026-08-21 07:28:00,137,voice
P038,P021,+91-90000-10038,+91-90000-10021,2026-07-08 19:53:00,490,voice
P014,P038,+91-90000-10014,+91-90000-10038,2026-07-03 20:34:00,267,voice
P022,P045,+91-90000-10022,+91-90000-10045,2026-06-01 21:57:00,544,voice
P006,P003,+91-90000-10006,+91-90000-10003,2026-08-05 05:05:00,893,voice
P007,P005,+91-90000-10007,+91-90000-10005,2026-07-22 06:41:00,888,voice
P009,P007,+91-90000-10009,+91-90000-10007,2026-08-11 14:57:00,177,voice
P006,P009,+91-90000-10006,+91-90000-10009,2026-06-25 20:39:00,858,voice
P006,P008,+91-90000-10006,+91-90000-10008,2026-06-18 14:51:00,577,voice
P010,P024,+91-90000-10010,+91-90000-10024,2026-07-07 06:34:00,494,voice
P005,P001,+91-90000-10005,+91-90000-10001,2026-08-07 13:25:00,470,voice
P043,P002,+91-90000-10043,+91-90000-10002,2026-06-15 16:01:00,443,voice
P001,P006,+91-90000-10001,+91-90000-10006,2026-08-04 16:08:00,415,voice
P015,P005,+91-90000-10015,+91-90000-10005,2026-08-02 16:55:00,379,voice
P011,P045,+91-90000-10011,+91-90000-10045,2026-08-21 11:16:00,663,voice
P004,P003,+91-90000-10004,+91-90000-10003,2026-08-06 09:52:00,588,voice
P048,P011,+91-90000-10048,+91-90000-10011,2026-08-22 17:11:00,488,voice
P036,P029,+91-90000-10036,+91-90000-10029,2026-07-27 06:22:00,468,voice
P016,P038,+91-90000-10016,+91-90000-10038,2026-06-11 12:39:00,281,voice
P009,P006,+91-90000-10009,+91-90000-10006,2026-06-25 16:09:00,66,voice
P022,P010,+91-90000-10022,+91-90000-10010,2026-07-26 09:05:00,282,voice
P008,P007,+91-90000-10008,+91-90000-10007,2026-07-24 15:19:00,152,voice
P006,P001,+91-90000-10006,+91-90000-10001,2026-06-25 05:10:00,834,voice
P007,P010,+91-90000-10007,+91-90000-10010,2026-06-17 03:53:00,122,voice
P044,P037,+91-90000-10044,+91-90000-10037,2026-07-24 16:09:00,738,voice
P001,P004,+91-90000-10001,+91-90000-10004,2026-07-25 17:55:00,38,voice
P040,P012,+91-90000-10040,+91-90000-10012,2026-06-25 14:12:00,643,voice
P007,P006,+91-90000-10007,+91-90000-10006,2026-07-22 17:15:00,892,voice
P002,P006,+91-90000-10002,+91-90000-10006,2026-06-11 21:22:00,331,voice
P006,P010,+91-90000-10006,+91-90000-10010,2026-06-06 07:32:00,298,voice
P007,P010,+91-90000-10007,+91-90000-10010,2026-06-13 09:58:00,803,voice
P027,P041,+91-90000-10027,+91-90000-10041,2026-07-23 03:25:00,723,voice
P002,P003,+91-90000-10002,+91-90000-10003,2026-08-22 22:42:00,273,voice
P005,P001,+91-90000-10005,+91-90000-10001,2026-08-06 23:34:00,341,voice
P004,P002,+91-90000-10004,+91-90000-10002,2026-06-18 11:11:00,719,voice
P010,P008,+91-90000-10010,+91-90000-10008,2026-08-23 10:44:00,364,voice
P037,P025,+91-90000-10037,+91-90000-10025,2026-07-03 23:59:00,23,voice
P001,P005,+91-90000-10001,+91-90000-10005,2026-08-06 11:08:00,682,voice
P005,P002,+91-90000-10005,+91-90000-10002,2026-08-20 04:11:00,801,voice
P008,P006,+91-90000-10008,+91-90000-10006,2026-08-16 21:32:00,195,voice
P002,P005,+91-90000-10002,+91-90000-10005,2026-08-26 01:26:00,734,voice
P010,P007,+91-90000-10010,+91-90000-10007,2026-06-13 04:19:00,631,voice
P040,P026,+91-90000-10040,+91-90000-10026,2026-06-02 06:06:00,643,voice
P012,P007,+91-90000-10012,+91-90000-10007,2026-07-06 10:45:00,317,voice
P008,P010,+91-90000-10008,+91-90000-10010,2026-08-11 04:10:00,97,voice
P050,P010,+91-90000-10050,+91-90000-10010,2026-07-15 14:59:00,170,voice
P005,P004,+91-90000-10005,+91-90000-10004,2026-07-20 18:54:00,359,voice
P009,P007,+91-90000-10009,+91-90000-10007,2026-08-23 12:20:00,504,voice
P006,P004,+91-90000-10006,+91-90000-10004,2026-08-12 20:13:00,553,voice
P013,P029,+91-90000-10013,+91-90000-10029,2026-07-26 17:13:00,561,voice
P004,P003,+91-90000-10004,+91-90000-10003,2026-08-10 06:14:00,190,voice
P041,P036,+91-90000-10041,+91-90000-10036,2026-08-26 15:21:00,686,voice
P002,P004,+91-90000-10002,+91-90000-10004,2026-06-21 12:40:00,214,voice
P006,P004,+91-90000-10006,+91-90000-10004,2026-07-25 15:40:00,777,voice
P006,P010,+91-90000-10006,+91-90000-10010,2026-06-14 05:35:00,395,voice
P041,P034,+91-90000-10041,+91-90000-10034,2026-07-08 10:33:00,141,voice
P003,P006,+91-90000-10003,+91-90000-10006,2026-06-09 04:53:00,300,voice
P003,P008,+91-90000-10003,+91-90000-10008,2026-06-24 07:06:00,853,voice
P007,P006,+91-90000-10007,+91-90000-10006,2026-06-19 05:39:00,780,voice
P042,P016,+91-90000-10042,+91-90000-10016,2026-08-14 19:19:00,849,voice
P044,P030,+91-90000-10044,+91-90000-10030,2026-06-07 20:00:00,493,voice
P001,P002,+91-90000-10001,+91-90000-10002,2026-07-14 09:16:00,151,voice
P005,P001,+91-90000-10005,+91-90000-10001,2026-08-25 10:48:00,446,voice
P018,P026,+91-90000-10018,+91-90000-10026,2026-07-11 05:52:00,856,voice
P010,P007,+91-90000-10010,+91-90000-10007,2026-07-19 14:22:00,102,voice
P010,P007,+91-90000-10010,+91-90000-10007,2026-06-26 12:54:00,845,voice
P040,P044,+91-90000-10040,+91-90000-10044,2026-07-09 12:58:00,786,voice
P009,P006,+91-90000-10009,+91-90000-10006,2026-07-15 17:02:00,370,voice
P030,P022,+91-90000-10030,+91-90000-10022,2026-06-10 17:48:00,30,voice
P006,P001,+91-90000-10006,+91-90000-10001,2026-07-26 13:42:00,602,voice
P009,P007,+91-90000-10009,+91-90000-10007,2026-06-05 12:39:00,228,voice
P007,P042,+91-90000-10007,+91-90000-10042,2026-08-22 14:02:00,553,voice
P016,P037,+91-90000-10016,+91-90000-10037,2026-07-10 17:52:00,135,voice
P010,P008,+91-90000-10010,+91-90000-10008,2026-07-18 05:57:00,803,voice
P006,P007,+91-90000-10006,+91-90000-10007,2026-06-10 23:52:00,885,voice
P002,P006,+91-90000-10002,+91-90000-10006,2026-08-14 01:36:00,270,voice
P042,P041,+91-90000-10042,+91-90000-10041,2026-08-17 16:32:00,405,voice
P039,P020,+91-90000-10039,+91-90000-10020,2026-06-25 04:31:00,710,voice
P020,P050,+91-90000-10020,+91-90000-10050,2026-07-12 01:58:00,741,voice
P021,P001,+91-90000-10021,+91-90000-10001,2026-06-05 06:15:00,399,voice
P023,P035,+91-90000-10023,+91-90000-10035,2026-06-24 11:24:00,650,voice
P035,P033,+91-90000-10035,+91-90000-10033,2026-06-13 14:38:00,316,voice
P037,P005,+91-90000-10037,+91-90000-10005,2026-06-05 01:01:00,650,voice
P008,P009,+91-90000-10008,+91-90000-10009,2026-07-22 00:16:00,191,voice
P023,P043,+91-90000-10023,+91-90000-10043,2026-07-14 20:22:00,513,voice
P004,P003,+91-90000-10004,+91-90000-10003,2026-08-05 07:53:00,242,voice
P006,P001,+91-90000-10006,+91-90000-10001,2026-07-16 17:53:00,666,voice
P003,P005,+91-90000-10003,+91-90000-10005,2026-06-27 20:58:00,137,voice
P006,P002,+91-90000-10006,+91-90000-10002,2026-06-26 19:33:00,571,voice
P004,P047,+91-90000-10004,+91-90000-10047,2026-06-09 02:37:00,859,voice
P004,P006,+91-90000-10004,+91-90000-10006,2026-07-25 07:55:00,414,voice
P008,P010,+91-90000-10008,+91-90000-10010,2026-08-12 12:34:00,288,voice
P006,P004,+91-90000-10006,+91-90000-10004,2026-08-21 19:42:00,713,voice
P048,P034,+91-90000-10048,+91-90000-10034,2026-06-03 02:57:00,47,voice
P029,P005,+91-90000-10029,+91-90000-10005,2026-07-16 22:25:00,490,voice
P027,P039,+91-90000-10027,+91-90000-10039,2026-06-01 18:23:00,635,voice
P002,P006,+91-90000-10002,+91-90000-10006,2026-08-08 12:05:00,753,voice
P001,P006,+91-90000-10001,+91-90000-10006,2026-06-10 05:40:00,786,voice
P010,P009,+91-90000-10010,+91-90000-10009,2026-07-09 20:29:00,508,voice
P006,P005,+91-90000-10006,+91-90000-10005,2026-06-24 06:54:00,694,voice
P020,P041,+91-90000-10020,+91-90000-10041,2026-08-15 18:25:00,255,voice
P035,P025,+91-90000-10035,+91-90000-10025,2026-06-23 11:11:00,560,voice
P002,P006,+91-90000-10002,+91-90000-10006,2026-06-19 18:20:00,148,voice
P045,P050,+91-90000-10045,+91-90000-10050,2026-08-10 16:37:00,110,voice
P004,P006,+91-90000-10004,+91-90000-10006,2026-06-03 09:19:00,459,voice
P008,P006,+91-90000-10008,+91-90000-10006,2026-07-17 13:59:00,783,voice
P039,P013,+91-90000-10039,+91-90000-10013,2026-07-02 02:10:00,739,voice
P001,P003,+91-90000-10001,+91-90000-10003,2026-06-18 11:08:00,637,voice
P009,P007,+91-90000-10009,+91-90000-10007,2026-07-26 20:39:00,531,voice
P034,P038,+91-90000-10034,+91-90000-10038,2026-08-19 00:38:00,144,voice
P005,P004,+91-90000-10005,+91-90000-10004,2026-08-23 22:29:00,439,voice
P032,P047,+91-90000-10032,+91-90000-10047,2026-08-07 21:03:00,810,voice
P006,P001,+91-90000-10006,+91-90000-10001,2026-08-10 18:27:00,603,voice
P017,P001,+91-90000-10017,+91-90000-10001,2026-08-07 12:20:00,834,voice
P001,P005,+91-90000-10001,+91-90000-10005,2026-07-18 14:13:00,447,voice
P037,P005,+91-90000-10037,+91-90000-10005,2026-06-22 16:33:00,325,voice
P007,P009,+91-90000-10007,+91-90000-10009,2026-06-11 08:17:00,303,voice
P001,P002,+91-90000-10001,+91-90000-10002,2026-08-06 09:31:00,873,voice
P010,P006,+91-90000-10010,+91-90000-10006,2026-07-20 17:58:00,291,voice
P007,P009,+91-90000-10007,+91-90000-10009,2026-07-05 09:41:00,665,voice
P004,P050,+91-90000-10004,+91-90000-10050,2026-07-15 16:04:00,626,voice
P010,P034,+91-90000-10010,+91-90000-10034,2026-06-25 09:53:00,791,voice
P002,P004,+91-90000-10002,+91-90000-10004,2026-07-09 04:09:00,853,voice
P006,P009,+91-90000-10006,+91-90000-10009,2026-08-11 11:56:00,120,voice
P048,P028,+91-90000-10048,+91-90000-10028,2026-08-04 09:51:00,321,voice
P016,P029,+91-90000-10016,+91-90000-10029,2026-06-13 07:13:00,98,voice
P012,P004,+91-90000-10012,+91-90000-10004,2026-06-04 22:02:00,833,voice
P010,P007,+91-90000-10010,+91-90000-10007,2026-06-11 03:16:00,867,voice
P004,P030,+91-90000-10004,+91-90000-10030,2026-08-23 15:48:00,251,voice
P009,P010,+91-90000-10009,+91-90000-10010,2026-07-25 08:16:00,156,voice
P007,P037,+91-90000-10007,+91-90000-10037,2026-07-14 01:56:00,278,voice
P010,P007,+91-90000-10010,+91-90000-10007,2026-07-10 14:49:00,315,voice
P007,P009,+91-90000-10007,+91-90000-10009,2026-06-27 05:37:00,42,voice
P006,P003,+91-90000-10006,+91-90000-10003,2026-08-03 22:07:00,820,voice
P006,P003,+91-90000-10006,+91-90000-10003,2026-06-19 02:29:00,439,voice
P010,P009,+91-90000-10010,+91-90000-10009,2026-06-04 05:51:00,898,voice
P006,P003,+91-90000-10006,+91-90000-10003,2026-08-11 15:07:00,810,voice
P008,P009,+91-90000-10008,+91-90000-10009,2026-08-07 12:02:00,101,voice
P003,P002,+91-90000-10003,+91-90000-10002,2026-07-25 21:55:00,558,voice
P010,P008,+91-90000-10010,+91-90000-10008,2026-06-12 01:06:00,651,voice
P008,P006,+91-90000-10008,+91-90000-10006,2026-07-11 12:04:00,603,voice
P047,P046,+91-90000-10047,+91-90000-10046,2026-08-08 02:44:00,205,voice
P010,P006,+91-90000-10010,+91-90000-10006,2026-08-21 21:37:00,441,voice
P003,P004,+91-90000-10003,+91-90000-10004,2026-08-26 13:58:00,375,voice
P036,P042,+91-90000-10036,+91-90000-10042,2026-08-13 04:14:00,731,voice
P033,P034,+91-90000-10033,+91-90000-10034,2026-06-14 14:09:00,285,voice
P049,P042,+91-90000-10049,+91-90000-10042,2026-08-17 16:55:00,654,voice
P006,P005,+91-90000-10006,+91-90000-10005,2026-08-24 19:33:00,393,voice
P019,P003,+91-90000-10019,+91-90000-10003,2026-07-01 08:34:00,673,voice
P002,P005,+91-90000-10002,+91-90000-10005,2026-07-18 13:58:00,547,voice
P035,P026,+91-90000-10035,+91-90000-10026,2026-08-02 07:32:00,413,voice
P002,P003,+91-90000-10002,+91-90000-10003,2026-07-13 11:56:00,465,voice
P005,P001,+91-90000-10005,+91-90000-10001,2026-08-26 20:44:00,867,voice
P006,P009,+91-90000-10006,+91-90000-10009,2026-07-19 22:24:00,184,voice
P028,P014,+91-90000-10028,+91-90000-10014,2026-07-07 04:13:00,854,voice
P006,P008,+91-90000-10006,+91-90000-10008,2026-06-16 03:41:00,865,voice
P005,P004,+91-90000-10005,+91-90000-10004,2026-06-13 18:13:00,812,voice
P006,P005,+91-90000-10006,+91-90000-10005,2026-07-07 02:05:00,646,voice
P007,P010,+91-90000-10007,+91-90000-10010,2026-06-01 00:08:00,187,voice
P007,P009,+91-90000-10007,+91-90000-10009,2026-08-08 01:48:00,822,voice
P024,P021,+91-90000-10024,+91-90000-10021,2026-08-24 15:54:00,805,voice
P006,P002,+91-90000-10006,+91-90000-10002,2026-08-09 10:22:00,639,voice
P039,P022,+91-90000-10039,+91-90000-10022,2026-08-24 20:05:00,841,voice
P010,P006,+91-90000-10010,+91-90000-10006,2026-07-04 03:40:00,551,voice
P010,P008,+91-90000-10010,+91-90000-10008,2026-08-11 03:23:00,441,voice
P009,P007,+91-90000-10009,+91-90000-10007,2026-08-17 22:16:00,622,voice
P006,P004,+91-90000-10006,+91-90000-10004,2026-07-18 19:30:00,129,voice
P001,P006,+91-90000-10001,+91-90000-10006,2026-07-05 00:32:00,123,voice
P010,P007,+91-90000-10010,+91-90000-10007,2026-08-25 19:12:00,175,voice
P010,P023,+91-90000-10010,+91-90000-10023,2026-06-04 13:44:00,673,voice
P010,P009,+91-90000-10010,+91-90000-10009,2026-08-23 00:59:00,170,voice
P001,P002,+91-90000-10001,+91-90000-10002,2026-06-08 14:23:00,362,voice
P006,P003,+91-90000-10006,+91-90000-10003,2026-06-11 13:26:00,447,voice
P005,P003,+91-90000-10005,+91-90000-10003,2026-07-14 11:03:00,667,voice
P006,P009,+91-90000-10006,+91-90000-10009,2026-07-09 14:53:00,335,voice
P002,P031,+91-90000-10002,+91-90000-10031,2026-07-11 19:40:00,683,voice
P008,P006,+91-90000-10008,+91-90000-10006,2026-07-24 04:24:00,182,voice
P006,P004,+91-90000-10006,+91-90000-10004,2026-06-01 14:48:00,786,voice
P013,P040,+91-90000-10013,+91-90000-10040,2026-06-24 23:19:00,91,voice
P005,P028,+91-90000-10005,+91-90000-10028,2026-07-22 17:21:00,588,voice
P001,P005,+91-90000-10001,+91-90000-10005,2026-07-10 08:17:00,357,voice
P001,P006,+91-90000-10001,+91-90000-10006,2026-08-15 03:03:00,118,voice
P010,P006,+91-90000-10010,+91-90000-10006,2026-06-13 22:57:00,314,voice
P010,P007,+91-90000-10010,+91-90000-10007,2026-07-18 18:02:00,828,voice
P004,P005,+91-90000-10004,+91-90000-10005,2026-06-12 09:02:00,434,voice
P029,P004,+91-90000-10029,+91-90000-10004,2026-08-08 08:06:00,581,voice
P005,P004,+91-90000-10005,+91-90000-10004,2026-07-14 00:46:00,704,voice
P035,P027,+91-90000-10035,+91-90000-10027,2026-08-04 15:10:00,202,voice
P002,P004,+91-90000-10002,+91-90000-10004,2026-06-10 17:02:00,189,voice
P004,P002,+91-90000-10004,+91-90000-10002,2026-07-13 04:25:00,113,voice
P003,P002,+91-90000-10003,+91-90000-10002,2026-06-20 03:47:00,294,voice
P002,P001,+91-90000-10002,+91-90000-10001,2026-06-24 21:06:00,882,voice
P041,P008,+91-90000-10041,+91-90000-10008,2026-07-15 05:36:00,507,voice
P002,P004,+91-90000-10002,+91-90000-10004,2026-08-14 05:56:00,85,voice
P002,P001,+91-90000-10002,+91-90000-10001,2026-06-01 01:40:00,281,voice
P049,P041,+91-90000-10049,+91-90000-10041,2026-06-03 03:39:00,238,voice
P001,P003,+91-90000-10001,+91-90000-10003,2026-07-06 02:52:00,653,voice
P010,P008,+91-90000-10010,+91-90000-10008,2026-07-18 19:38:00,535,voice
P007,P010,+91-90000-10007,+91-90000-10010,2026-08-24 05:29:00,340,voice
P042,P023,+91-90000-10042,+91-90000-10023,2026-06-10 17:34:00,165,voice
P002,P004,+91-90000-10002,+91-90000-10004,2026-07-03 11:38:00,728,voice
P003,P005,+91-90000-10003,+91-90000-10005,2026-06-19 05:10:00,183,voice
P006,P008,+91-90000-10006,+91-90000-10008,2026-07-07 13:20:00,333,voice
P009,P010,+91-90000-10009,+91-90000-10010,2026-08-04 21:54:00,761,voice
P013,P037,+91-90000-10013,+91-90000-10037,2026-08-17 20:28:00,291,voice
P042,P049,+91-90000-10042,+91-90000-10049,2026-06-26 22:23:00,672,voice
P021,P037,+91-90000-10021,+91-90000-10037,2026-06-05 02:43:00,588,voice
P015,P037,+91-90000-10015,+91-90000-10037,2026-06-16 14:44:00,712,voice
P001,P003,+91-90000-10001,+91-90000-10003,2026-06-21 09:22:00,172,voice
P028,P050,+91-90000-10028,+91-90000-10050,2026-06-23 19:09:00,685,voice
P006,P009,+91-90000-10006,+91-90000-10009,2026-08-22 12:53:00,118,voice
P008,P014,+91-90000-10008,+91-90000-10014,2026-08-04 20:40:00,349,voice
P008,P009,+91-90000-10008,+91-90000-10009,2026-06-12 08:19:00,205,voice
P022,P033,+91-90000-10022,+91-90000-10033,2026-07-13 00:50:00,288,voice
P007,P006,+91-90000-10007,+91-90000-10006,2026-06-23 20:37:00,479,voice
P037,P001,+91-90000-10037,+91-90000-10001,2026-07-14 22:40:00,616,voice
P010,P006,+91-90000-10010,+91-90000-10006,2026-07-26 12:30:00,495,voice
P003,P042,+91-90000-10003,+91-90000-10042,2026-08-20 23:39:00,720,voice
P005,P004,+91-90000-10005,+91-90000-10004,2026-06-16 04:41:00,699,voice
P005,P001,+91-90000-10005,+91-90000-10001,2026-08-01 13:00:00,690,voice
P003,P025,+91-90000-10003,+91-90000-10025,2026-06-01 02:51:00,487,voice
P008,P006,+91-90000-10008,+91-90000-10006,2026-06-18 00:31:00,163,voice
P039,P019,+91-90000-10039,+91-90000-10019,2026-08-09 11:51:00,883,voice
P050,P004,+91-90000-10050,+91-90000-10004,2026-08-24 03:24:00,846,voice
P002,P020,+91-90000-10002,+91-90000-10020,2026-06-05 18:24:00,457,voice
P006,P008,+91-90000-10006,+91-90000-10008,2026-07-04 11:28:00,227,voice
P008,P010,+91-90000-10008,+91-90000-10010,2026-07-25 10:56:00,427,voice
P002,P005,+91-90000-10002,+91-90000-10005,2026-07-22 22:37:00,411,voice
P006,P005,+91-90000-10006,+91-90000-10005,2026-06-10 04:57:00,107,voice
P005,P004,+91-90000-10005,+91-90000-10004,2026-07-20 03:29:00,547,voice
P008,P009,+91-90000-10008,+91-90000-10009,2026-06-01 14:16:00,35,voice
P050,P011,+91-90000-10050,+91-90000-10011,2026-08-08 05:23:00,715,voice
P003,P005,+91-90000-10003,+91-90000-10005,2026-07-13 13:33:00,114,voice
P013,P004,+91-90000-10013,+91-90000-10004,2026-06-23 20:50:00,158,voice
P007,P009,+91-90000-10007,+91-90000-10009,2026-08-07 23:21:00,380,voice
P007,P006,+91-90000-10007,+91-90000-10006,2026-07-01 15:48:00,807,voice
P006,P004,+91-90000-10006,+91-90000-10004,2026-07-14 01:14:00,252,voice
P042,P016,+91-90000-10042,+91-90000-10016,2026-07-26 04:47:00,252,voice
P013,P019,+91-90000-10013,+91-90000-10019,2026-08-21 20:24:00,257,voice
P003,P005,+91-90000-10003,+91-90000-10005,2026-07-03 21:46:00,312,voice
P021,P017,+91-90000-10021,+91-90000-10017,2026-08-18 03:38:00,41,voice
P004,P005,+91-90000-10004,+91-90000-10005,2026-06-27 08:14:00,261,voice
P024,P050,+91-90000-10024,+91-90000-10050,2026-06-02 17:06:00,53,voice
P002,P006,+91-90000-10002,+91-90000-10006,2026-08-07 14:52:00,768,voice
P048,P007,+91-90000-10048,+91-90000-10007,2026-06-05 02:33:00,203,voice
P002,P006,+91-90000-10002,+91-90000-10006,2026-08-25 09:41:00,684,voice
P017,P044,+91-90000-10017,+91-90000-10044,2026-06-09 09:27:00,198,voice
P006,P009,+91-90000-10006,+91-90000-10009,2026-06-10 16:07:00,244,voice
P010,P026,+91-90000-10010,+91-90000-10026,2026-08-09 15:19:00,777,voice
P010,P009,+91-90000-10010,+91-90000-10009,2026-08-10 19:00:00,127,voice
P008,P006,+91-90000-10008,+91-90000-10006,2026-08-23 08:38:00,76,voice
P001,P006,+91-90000-10001,+91-90000-10006,2026-06-01 11:46:00,195,voice
P047,P029,+91-90000-10047,+91-90000-10029,2026-08-23 18:25:00,387,voice
P003,P001,+91-90000-10003,+91-90000-10001,2026-07-12 14:02:00,355,voice
P030,P040,+91-90000-10030,+91-90000-10040,2026-06-11 05:10:00,233,voice
P001,P003,+91-90000-10001,+91-90000-10003,2026-07-20 08:47:00,408,voice
P006,P002,+91-90000-10006,+91-90000-10002,2026-07-27 17:29:00,304,voice
P009,P007,+91-90000-10009,+91-90000-10007,2026-07-05 09:25:00,388,voice
P004,P006,+91-90000-10004,+91-90000-10006,2026-06-14 15:13:00,533,voice
P004,P005,+91-90000-10004,+91-90000-10005,2026-07-16 16:58:00,897,voice
P004,P021,+91-90000-10004,+91-90000-10021,2026-07-16 22:39:00,214,voice
P002,P003,+91-90000-10002,+91-90000-10003,2026-07-15 21:29:00,446,voice
P037,P034,+91-90000-10037,+91-90000-10034,2026-06-26 08:08:00,698,voice
P031,P015,+91-90000-10031,+91-90000-10015,2026-07-16 10:13:00,776,voice
P005,P003,+91-90000-10005,+91-90000-10003,2026-07-06 17:47:00,100,voice
P007,P008,+91-90000-10007,+91-90000-10008,2026-08-05 12:27:00,140,voice
P007,P008,+91-90000-10007,+91-90000-10008,2026-08-14 11:53:00,581,voice
P043,P046,+91-90000-10043,+91-90000-10046,2026-08-13 16:08:00,463,voice
P007,P006,+91-90000-10007,+91-90000-10006,2026-06-18 11:14:00,858,voice
P031,P025,+91-90000-10031,+91-90000-10025,2026-06-21 15:16:00,256,voice
P003,P033,+91-90000-10003,+91-90000-10033,2026-06-22 11:33:00,805,voice
P002,P006,+91-90000-10002,+91-90000-10006,2026-06-24 13:50:00,685,voice
P010,P007,+91-90000-10010,+91-90000-10007,2026-07-02 20:59:00,662,voice
P028,P026,+91-90000-10028,+91-90000-10026,2026-06-10 09:51:00,37,voice
P003,P037,+91-90000-10003,+91-90000-10037,2026-06-10 06:08:00,163,voice
P023,P009,+91-90000-10023,+91-90000-10009,2026-07-04 12:18:00,388,voice
P034,P050,+91-90000-10034,+91-90000-10050,2026-06-21 21:52:00,277,voice
P048,P034,+91-90000-10048,+91-90000-10034,2026-08-16 20:21:00,335,voice
P008,P006,+91-90000-10008,+91-90000-10006,2026-08-17 19:58:00,202,voice
P003,P005,+91-90000-10003,+91-90000-10005,2026-06-19 18:08:00,60,voice
P020,P003,+91-90000-10020,+91-90000-10003,2026-06-01 04:53:00,333,voice
P012,P009,+91-90000-10012,+91-90000-10009,2026-08-08 17:18:00,127,voice
P013,P020,+91-90000-10013,+91-90000-10020,2026-06-07 08:21:00,220,voice
P007,P010,+91-90000-10007,+91-90000-10010,2026-07-22 12:54:00,863,voice
P006,P002,+91-90000-10006,+91-90000-10002,2026-08-18 21:38:00,198,voice
P004,P003,+91-90000-10004,+91-90000-10003,2026-08-06 08:12:00,801,voice
P004,P003,+91-90000-10004,+91-90000-10003,2026-06-01 06:01:00,518,voice
P008,P007,+91-90000-10008,+91-90000-10007,2026-06-08 23:41:00,355,voice
P009,P007,+91-90000-10009,+91-90000-10007,2026-06-14 08:29:00,253,voice
P005,P043,+91-90000-10005,+91-90000-10043,2026-08-03 21:08:00,830,voice
P006,P008,+91-90000-10006,+91-90000-10008,2026-06-13 22:56:00,826,voice
P007,P009,+91-90000-10007,+91-90000-10009,2026-08-05 05:59:00,628,voice
P032,P015,+91-90000-10032,+91-90000-10015,2026-07-04 00:20:00,482,voice
P008,P010,+91-90000-10008,+91-90000-10010,2026-07-20 19:53:00,780,voice
P004,P002,+91-90000-10004,+91-90000-10002,2026-07-18 01:33:00,361,voice
P002,P003,+91-90000-10002,+91-90000-10003,2026-07-06 23:08:00,489,voice
P007,P049,+91-90000-10007,+91-90000-10049,2026-07-10 06:32:00,157,voice
P010,P009,+91-90000-10010,+91-90000-10009,2026-07-11 18:43:00,334,voice
P003,P004,+91-90000-10003,+91-90000-10004,2026-08-04 12:17:00,187,voice
P010,P007,+91-90000-10010,+91-90000-10007,2026-08-26 20:37:00,31,voice
P001,P005,+91-90000-10001,+91-90000-10005,2026-07-10 22:20:00,68,voice
P020,P027,+91-90000-10020,+91-90000-10027,2026-07-04 03:52:00,228,voice
P004,P002,+91-90000-10004,+91-90000-10002,2026-08-19 18:14:00,474,voice
P006,P009,+91-90000-10006,+91-90000-10009,2026-07-22 08:39:00,233,voice
P013,P032,+91-90000-10013,+91-90000-10032,2026-07-15 02:53:00,328,voice
P018,P007,+91-90000-10018,+91-90000-10007,2026-06-07 04:20:00,380,voice
P005,P006,+91-90000-10005,+91-90000-10006,2026-08-01 09:36:00,573,voice
P006,P002,+91-90000-10006,+91-90000-10002,2026-07-14 00:27:00,89,voice
P039,P046,+91-90000-10039,+91-90000-10046,2026-06-07 16:18:00,824,voice
P009,P007,+91-90000-10009,+91-90000-10007,2026-08-11 11:29:00,266,voice
P002,P003,+91-90000-10002,+91-90000-10003,2026-06-18 19:31:00,894,voice
P021,P039,+91-90000-10021,+91-90000-10039,2026-08-12 18:33:00,596,voice
P008,P006,+91-90000-10008,+91-90000-10006,2026-06-18 16:49:00,867,voice
P014,P039,+91-90000-10014,+91-90000-10039,2026-06-05 07:03:00,134,voice
P017,P038,+91-90000-10017,+91-90000-10038,2026-06-18 02:12:00,335,voice
P002,P005,+91-90000-10002,+91-90000-10005,2026-08-20 01:27:00,82,voice
P004,P006,+91-90000-10004,+91-90000-10006,2026-06-22 13:11:00,98,voice
P009,P008,+91-90000-10009,+91-90000-10008,2026-06-19 16:36:00,254,voice
P009,P007,+91-90000-10009,+91-90000-10007,2026-08-22 09:09:00,97,voice
P003,P028,+91-90000-10003,+91-90000-10028,2026-06-06 08:52:00,590,voice
P003,P001,+91-90000-10003,+91-90000-10001,2026-06-27 02:24:00,409,voice
P003,P002,+91-90000-10003,+91-90000-10002,2026-07-05 18:39:00,465,voice
P004,P005,+91-90000-10004,+91-90000-10005,2026-06-10 04:39:00,532,voice
P002,P006,+91-90000-10002,+91-90000-10006,2026-07-12 02:41:00,195,voice
P007,P004,+91-90000-10007,+91-90000-10004,2026-06-02 07:41:00,572,voice
P003,P001,+91-90000-10003,+91-90000-10001,2026-08-14 20:29:00,283,voice
P028,P050,+91-90000-10028,+91-90000-10050,2026-06-22 02:26:00,367,voice
P020,P006,+91-90000-10020,+91-90000-10006,2026-08-06 11:12:00,154,voice
P026,P028,+91-90000-10026,+91-90000-10028,2026-08-13 07:00:00,612,voice
P006,P008,+91-90000-10006,+91-90000-10008,2026-06-13 00:17:00,317,voice
P007,P009,+91-90000-10007,+91-90000-10009,2026-06-25 12:08:00,501,voice
P010,P009,+91-90000-10010,+91-90000-10009,2026-06-19 22:49:00,334,voice
P025,P042,+91-90000-10025,+91-90000-10042,2026-06-09 02:23:00,137,voice
P009,P008,+91-90000-10009,+91-90000-10008,2026-06-17 16:16:00,719,voice
P021,P040,+91-90000-10021,+91-90000-10040,2026-07-25 05:08:00,219,voice
P010,P007,+91-90000-10010,+91-90000-10007,2026-08-01 14:32:00,852,voice
P023,P018,+91-90000-10023,+91-90000-10018,2026-07-14 07:29:00,654,voice
P001,P004,+91-90000-10001,+91-90000-10004,2026-06-25 12:37:00,625,voice
P006,P001,+91-90000-10006,+91-90000-10001,2026-08-07 16:49:00,891,voice
P032,P023,+91-90000-10032,+91-90000-10023,2026-07-18 06:26:00,260,voice
P007,P006,+91-90000-10007,+91-90000-10006,2026-07-23 07:24:00,527,voice
P009,P025,+91-90000-10009,+91-90000-10025,2026-08-04 15:09:00,249,voice
P010,P008,+91-90000-10010,+91-90000-10008,2026-06-18 14:57:00,329,voice
P004,P003,+91-90000-10004,+91-90000-10003,2026-06-14 14:37:00,684,voice
P001,P002,+91-90000-10001,+91-90000-10002,2026-06-21 07:10:00,383,voice
P001,P006,+91-90000-10001,+91-90000-10006,2026-08-23 16:06:00,660,voice
P002,P006,+91-90000-10002,+91-90000-10006,2026-08-20 14:45:00,430,voice
P004,P005,+91-90000-10004,+91-90000-10005,2026-08-10 23:59:00,692,voice
P003,P005,+91-90000-10003,+91-90000-10005,2026-08-08 04:37:00,645,voice
P009,P007,+91-90000-10009,+91-90000-10007,2026-06-21 23:54:00,300,voice
P002,P003,+91-90000-10002,+91-90000-10003,2026-08-22 15:27:00,347,voice
P005,P004,+91-90000-10005,+91-90000-10004,2026-06-05 10:50:00,651,voice
P003,P005,+91-90000-10003,+91-90000-10005,2026-07-21 13:52:00,485,voice
P004,P001,+91-90000-10004,+91-90000-10001,2026-06-03 21:07:00,238,voice
P017,P040,+91-90000-10017,+91-90000-10040,2026-08-01 02:54:00,398,voice
P016,P035,+91-90000-10016,+91-90000-10035,2026-06-09 20:21:00,537,voice
P004,P003,+91-90000-10004,+91-90000-10003,2026-06-21 04:21:00,876,voice
P002,P003,+91-90000-10002,+91-90000-10003,2026-06-24 18:14:00,689,voice
P046,P012,+91-90000-10046,+91-90000-10012,2026-06-17 06:18:00,626,voice
P004,P005,+91-90000-10004,+91-90000-10005,2026-07-16 14:00:00,398,voice
P008,P007,+91-90000-10008,+91-90000-10007,2026-06-04 11:20:00,631,voice
P023,P034,+91-90000-10023,+91-90000-10034,2026-06-18 22:38:00,817,voice
P043,P032,+91-90000-10043,+91-90000-10032,2026-08-06 04:45:00,826,voice
P006,P010,+91-90000-10006,+91-90000-10010,2026-06-09 20:18:00,399,voice
P013,P049,+91-90000-10013,+91-90000-10049,2026-07-23 06:17:00,432,voice
P006,P008,+91-90000-10006,+91-90000-10008,2026-08-10 03:58:00,590,voice
P007,P008,+91-90000-10007,+91-90000-10008,2026-08-22 10:54:00,864,voice
P009,P008,+91-90000-10009,+91-90000-10008,2026-06-03 03:08:00,746,voice
P002,P005,+91-90000-10002,+91-90000-10005,2026-06-09 13:42:00,131,voice
P001,P006,+91-90000-10001,+91-90000-10006,2026-07-13 05:10:00,670,voice
P002,P005,+91-90000-10002,+91-90000-10005,2026-08-19 21:26:00,652,voice
P006,P008,+91-90000-10006,+91-90000-10008,2026-07-15 02:08:00,71,voice
P004,P038,+91-90000-10004,+91-90000-10038,2026-06-14 02:25:00,725,voice
P008,P009,+91-90000-10008,+91-90000-10009,2026-06-04 00:02:00,785,voice
P048,P033,+91-90000-10048,+91-90000-10033,2026-06-24 23:02:00,542,voice
P003,P006,+91-90000-10003,+91-90000-10006,2026-08-16 17:08:00,284,voice
P006,P003,+91-90000-10006,+91-90000-10003,2026-08-16 20:56:00,779,voice
P032,P047,+91-90000-10032,+91-90000-10047,2026-08-15 06:13:00,55,voice
P007,P008,+91-90000-10007,+91-90000-10008,2026-08-18 22:00:00,793,voice
P048,P009,+91-90000-10048,+91-90000-10009,2026-08-27 21:07:00,287,voice
P004,P037,+91-90000-10004,+91-90000-10037,2026-07-15 23:19:00,253,voice
P004,P005,+91-90000-10004,+91-90000-10005,2026-06-22 16:03:00,465,voice
P005,P003,+91-90000-10005,+91-90000-10003,2026-07-21 06:46:00,586,voice
P045,P028,+91-90000-10045,+91-90000-10028,2026-06-02 05:21:00,822,voice
P002,P006,+91-90000-10002,+91-90000-10006,2026-06-21 18:18:00,561,voice
P003,P001,+91-90000-10003,+91-90000-10001,2026-06-07 22:29:00,92,voice
P010,P020,+91-90000-10010,+91-90000-10020,2026-07-21 11:44:00,130,voice
P002,P008,+91-90000-10002,+91-90000-10008,2026-06-13 21:50:00,673,voice
P002,P006,+91-90000-10002,+91-90000-10006,2026-07-17 16:42:00,581,voice
P006,P010,+91-90000-10006,+91-90000-10010,2026-07-13 10:12:00,369,voice
P034,P032,+91-90000-10034,+91-90000-10032,2026-06-09 02:08:00,503,voice
P002,P004,+91-90000-10002,+91-90000-10004,2026-08-25 16:05:00,511,voice
P003,P005,+91-90000-10003,+91-90000-10005,2026-06-04 21:42:00,490,voice
P008,P010,+91-90000-10008,+91-90000-10010,2026-06-24 21:41:00,878,voice
P013,P009,+91-90000-10013,+91-90000-10009,2026-06-10 06:00:00,484,voice
P006,P003,+91-90000-10006,+91-90000-10003,2026-07-20 07:44:00,45,voice
P014,P039,+91-90000-10014,+91-90000-10039,2026-06-22 20:08:00,642,voice
P009,P006,+91-90000-10009,+91-90000-10006,2026-06-13 08:57:00,650,voice
P006,P001,+91-90000-10006,+91-90000-10001,2026-08-20 02:56:00,356,voice
P005,P002,+91-90000-10005,+91-90000-10002,2026-08-09 22:02:00,713,voice
P017,P012,+91-90000-10017,+91-90000-10012,2026-07-27 23:14:00,293,voice
P035,P030,+91-90000-10035,+91-90000-10030,2026-08-05 11:10:00,688,voice
P005,P001,+91-90000-10005,+91-90000-10001,2026-08-20 23:36:00,586,voice
P010,P006,+91-90000-10010,+91-90000-10006,2026-06-15 04:59:00,359,voice
P007,P008,+91-90000-10007,+91-90000-10008,2026-08-13 04:41:00,777,voice
P004,P002,+91-90000-10004,+91-90000-10002,2026-07-02 10:04:00,766,voice
P008,P010,+91-90000-10008,+91-90000-10010,2026-06-14 14:05:00,510,voice
P038,P047,+91-90000-10038,+91-90000-10047,2026-07-19 17:52:00,218,voice
P005,P002,+91-90000-10005,+91-90000-10002,2026-08-02 07:53:00,781,voice
P006,P004,+91-90000-10006,+91-90000-10004,2026-08-02 18:28:00,483,voice
P004,P003,+91-90000-10004,+91-90000-10003,2026-06-05 19:33:00,328,voice
P003,P009,+91-90000-10003,+91-90000-10009,2026-07-20 04:19:00,759,voice
P041,P028,+91-90000-10041,+91-90000-10028,2026-08-09 06:51:00,202,voice
P007,P009,+91-90000-10007,+91-90000-10009,2026-08-22 23:42:00,358,voice
P001,P032,+91-90000-10001,+91-90000-10032,2026-06-23 09:18:00,458,voice
P006,P041,+91-90000-10006,+91-90000-10041,2026-07-16 14:12:00,895,voice
P005,P006,+91-90000-10005,+91-90000-10006,2026-08-13 22:09:00,238,voice
P001,P002,+91-90000-10001,+91-90000-10002,2026-06-05 03:35:00,611,voice
P005,P003,+91-90000-10005,+91-90000-10003,2026-08-19 08:14:00,397,voice
P009,P006,+91-90000-10009,+91-90000-10006,2026-08-19 20:17:00,683,voice
P007,P010,+91-90000-10007,+91-90000-10010,2026-08-03 07:07:00,661,voice
P001,P002,+91-90000-10001,+91-90000-10002,2026-07-04 00:01:00,220,voice
P004,P003,+91-90000-10004,+91-90000-10003,2026-08-19 12:00:00,348,voice
P003,P002,+91-90000-10003,+91-90000-10002,2026-06-07 01:13:00,140,voice
P016,P043,+91-90000-10016,+91-90000-10043,2026-08-27 03:08:00,496,voice
P010,P006,+91-90000-10010,+91-90000-10006,2026-08-11 21:49:00,320,voice
P014,P047,+91-90000-10014,+91-90000-10047,2026-06-07 18:32:00,886,voice
P004,P003,+91-90000-10004,+91-90000-10003,2026-07-04 20:33:00,597,voice
P025,P030,+91-90000-10025,+91-90000-10030,2026-08-15 19:00:00,376,voice
P034,P024,+91-90000-10034,+91-90000-10024,2026-08-22 07:20:00,373,voice
P006,P009,+91-90000-10006,+91-90000-10009,2026-08-15 15:23:00,682,voice
P047,P023,+91-90000-10047,+91-90000-10023,2026-06-18 21:07:00,264,voice
P043,P044,+91-90000-10043,+91-90000-10044,2026-07-08 10:23:00,437,voice
P007,P008,+91-90000-10007,+91-90000-10008,2026-06-12 08:24:00,204,voice
P010,P007,+91-90000-10010,+91-90000-10007,2026-07-23 17:16:00,750,voice
P008,P045,+91-90000-10008,+91-90000-10045,2026-08-20 20:19:00,319,voice
P048,P025,+91-90000-10048,+91-90000-10025,2026-06-23 13:50:00,654,voice
P044,P017,+91-90000-10044,+91-90000-10017,2026-08-20 01:06:00,568,voice
P004,P006,+91-90000-10004,+91-90000-10006,2026-06-20 03:16:00,510,voice
P004,P006,+91-90000-10004,+91-90000-10006,2026-06-16 22:03:00,563,voice
P036,P005,+91-90000-10036,+91-90000-10005,2026-07-22 13:14:00,282,voice
P002,P005,+91-90000-10002,+91-90000-10005,2026-06-07 01:00:00,122,voice
P032,P020,+91-90000-10032,+91-90000-10020,2026-08-25 06:00:00,530,voice
P005,P002,+91-90000-10005,+91-90000-10002,2026-06-24 02:21:00,31,voice
P033,P046,+91-90000-10033,+91-90000-10046,2026-06-03 13:39:00,541,voice
P001,P048,+91-90000-10001,+91-90000-10048,2026-07-09 18:00:00,765,voice
P045,P039,+91-90000-10045,+91-90000-10039,2026-08-01 05:30:00,817,voice
P008,P010,+91-90000-10008,+91-90000-10010,2026-07-05 01:00:00,68,voice
P033,P016,+91-90000-10033,+91-90000-10016,2026-07-02 13:23:00,378,voice
P006,P009,+91-90000-10006,+91-90000-10009,2026-06-02 02:53:00,690,voice
P025,P045,+91-90000-10025,+91-90000-10045,2026-07-02 06:55:00,782,voice
P009,P006,+91-90000-10009,+91-90000-10006,2026-06-02 22:11:00,406,voice
P008,P009,+91-90000-10008,+91-90000-10009,2026-08-14 20:09:00,223,voice
P008,P009,+91-90000-10008,+91-90000-10009,2026-07-16 00:07:00,72,voice
P004,P001,+91-90000-10004,+91-90000-10001,2026-07-17 08:41:00,616,voice
P047,P033,+91-90000-10047,+91-90000-10033,2026-08-09 03:18:00,823,voice
P049,P017,+91-90000-10049,+91-90000-10017,2026-07-07 11:20:00,708,voice
P006,P001,+91-90000-10006,+91-90000-10001,2026-06-09 22:46:00,601,voice
P006,P002,+91-90000-10006,+91-90000-10002,2026-06-09 09:08:00,412,voice
P006,P004,+91-90000-10006,+91-90000-10004,2026-08-05 14:55:00,220,voice
P027,P031,+91-90000-10027,+91-90000-10031,2026-08-12 09:40:00,182,voice
P004,P002,+91-90000-10004,+91-90000-10002,2026-08-08 16:30:00,772,voice
P004,P005,+91-90000-10004,+91-90000-10005,2026-08-08 08:01:00,348,voice
P010,P006,+91-90000-10010,+91-90000-10006,2026-07-02 18:17:00,715,voice
P003,P004,+91-90000-10003,+91-90000-10004,2026-06-15 14:15:00,380,voice
P009,P007,+91-90000-10009,+91-90000-10007,2026-07-06 07:30:00,875,voice
P008,P010,+91-90000-10008,+91-90000-10010,2026-06-24 08:25:00,568,voice
P005,P006,+91-90000-10005,+91-90000-10006,2026-08-07 18:20:00,66,voice
P045,P039,+91-90000-10045,+91-90000-10039,2026-06-24 06:12:00,670,voice
P002,P006,+91-90000-10002,+91-90000-10006,2026-06-26 09:24:00,95,voice
P005,P001,+91-90000-10005,+91-90000-10001,2026-08-22 06:16:00,844,voice
P007,P010,+91-90000-10007,+91-90000-10010,2026-07-02 05:04:00,680,voice
P012,P027,+91-90000-10012,+91-90000-10027,2026-07-02 07:31:00,476,voice
P001,P006,+91-90000-10001,+91-90000-10006,2026-08-02 22:14:00,256,voice
P002,P004,+91-90000-10002,+91-90000-10004,2026-07-05 10:24:00,381,voice
P012,P016,+91-90000-10012,+91-90000-10016,2026-06-02 02:55:00,280,voice
P044,P033,+91-90000-10044,+91-90000-10033,2026-08-19 14:02:00,790,voice
P003,P001,+91-90000-10003,+91-90000-10001,2026-08-26 20:52:00,111,voice
P009,P008,+91-90000-10009,+91-90000-10008,2026-07-06 10:28:00,804,voice
P010,P008,+91-90000-10010,+91-90000-10008,2026-06-15 07:38:00,577,voice
P031,P048,+91-90000-10031,+91-90000-10048,2026-07-05 01:27:00,648,voice
P004,P002,+91-90000-10004,+91-90000-10002,2026-06-08 23:29:00,685,voice
P043,P048,+91-90000-10043,+91-90000-10048,2026-06-01 09:52:00,474,voice
P005,P004,+91-90000-10005,+91-90000-10004,2026-07-04 04:20:00,337,voice
P002,P003,+91-90000-10002,+91-90000-10003,2026-08-25 10:53:00,449,voice
P006,P007,+91-90000-10006,+91-90000-10007,2026-06-01 12:38:00,865,voice
P007,P010,+91-90000-10007,+91-90000-10010,2026-07-16 20:20:00,637,voice
P031,P021,+91-90000-10031,+91-90000-10021,2026-06-02 16:35:00,214,voice
P028,P030,+91-90000-10028,+91-90000-10030,2026-08-13 01:28:00,296,voice
P004,P002,+91-90000-10004,+91-90000-10002,2026-06-15 21:21:00,261,voice
P047,P042,+91-90000-10047,+91-90000-10042,2026-08-17 16:57:00,287,voice
P010,P009,+91-90000-10010,+91-90000-10009,2026-08-24 00:36:00,565,voice
P012,P027,+91-90000-10012,+91-90000-10027,2026-08-10 17:55:00,21,voice
P006,P004,+91-90000-10006,+91-90000-10004,2026-07-08 23:23:00,886,voice
P003,P005,+91-90000-10003,+91-90000-10005,2026-08-10 05:15:00,506,voice
P002,P028,+91-90000-10002,+91-90000-10028,2026-06-22 19:28:00,53,voice
P001,P005,+91-90000-10001,+91-90000-10005,2026-07-14 04:02:00,86,voice
P001,P002,+91-90000-10001,+91-90000-10002,2026-06-26 08:43:00,772,voice
P026,P042,+91-90000-10026,+91-90000-10042,2026-08-27 18:29:00,324,voice
P005,P003,+91-90000-10005,+91-90000-10003,2026-07-12 19:15:00,211,voice
P004,P005,+91-90000-10004,+91-90000-10005,2026-06-25 10:04:00,393,voice
P004,P001,+91-90000-10004,+91-90000-10001,2026-06-11 11:53:00,651,voice
P010,P009,+91-90000-10010,+91-90000-10009,2026-08-10 14:58:00,505,voice
P006,P015,+91-90000-10006,+91-90000-10015,2026-07-17 16:57:00,637,voice
P005,P004,+91-90000-10005,+91-90000-10004,2026-07-17 01:21:00,787,voice
P049,P008,+91-90000-10049,+91-90000-10008,2026-06-06 03:02:00,860,voice
P019,P040,+91-90000-10019,+91-90000-10040,2026-06-27 04:25:00,460,voice
P010,P009,+91-90000-10010,+91-90000-10009,2026-06-17 00:20:00,260,voice
P048,P044,+91-90000-10048,+91-90000-10044,2026-06-10 20:28:00,274,voice
P003,P032,+91-90000-10003,+91-90000-10032,2026-06-12 01:34:00,452,voice
P006,P010,+91-90000-10006,+91-90000-10010,2026-07-22 15:54:00,525,voice
P022,P026,+91-90000-10022,+91-90000-10026,2026-06-07 12:55:00,259,voice
P005,P006,+91-90000-10005,+91-90000-10006,2026-06-04 19:06:00,237,voice
P004,P006,+91-90000-10004,+91-90000-10006,2026-06-03 21:49:00,598,voice
P010,P006,+91-90000-10010,+91-90000-10006,2026-06-16 02:07:00,514,voice
P007,P010,+91-90000-10007,+91-90000-10010,2026-07-01 23:12:00,173,voice
P007,P006,+91-90000-10007,+91-90000-10006,2026-07-19 10:45:00,258,voice
P023,P035,+91-90000-10023,+91-90000-10035,2026-07-10 06:55:00,125,voice
P003,P002,+91-90000-10003,+91-90000-10002,2026-06-05 03:20:00,430,voice
P009,P006,+91-90000-10009,+91-90000-10006,2026-07-11 23:57:00,171,voice
P004,P002,+91-90000-10004,+91-90000-10002,2026-07-16 13:08:00,631,voice
P020,P019,+91-90000-10020,+91-90000-10019,2026-08-22 09:21:00,579,voice
P002,P003,+91-90000-10002,+91-90000-10003,2026-07-08 00:39:00,717,voice
P046,P005,+91-90000-10046,+91-90000-10005,2026-08-22 01:00:00,712,voice
P030,P021,+91-90000-10030,+91-90000-10021,2026-06-11 11:08:00,221,voice
P003,P005,+91-90000-10003,+91-90000-10005,2026-07-02 17:59:00,438,voice
P027,P045,+91-90000-10027,+91-90000-10045,2026-07-04 04:26:00,893,voice
P009,P007,+91-90000-10009,+91-90000-10007,2026-07-24 11:49:00,842,voice
P032,P010,+91-90000-10032,+91-90000-10010,2026-07-03 11:50:00,55,voice
P025,P019,+91-90000-10025,+91-90000-10019,2026-08-06 06:12:00,246,voice
P005,P002,+91-90000-10005,+91-90000-10002,2026-06-23 07:24:00,166,voice
P013,P031,+91-90000-10013,+91-90000-10031,2026-08-21 16:31:00,364,voice
P006,P007,+91-90000-10006,+91-90000-10007,2026-06-13 12:38:00,702,voice
P006,P005,+91-90000-10006,+91-90000-10005,2026-08-19 07:16:00,39,voice
P009,P006,+91-90000-10009,+91-90000-10006,2026-07-09 15:03:00,510,voice
P003,P005,+91-90000-10003,+91-90000-10005,2026-08-05 19:10:00,309,voice
P009,P006,+91-90000-10009,+91-90000-10006,2026-07-24 06:13:00,187,voice
P005,P004,+91-90000-10005,+91-90000-10004,2026-06-26 20:33:00,290,voice
P027,P010,+91-90000-10027,+91-90000-10010,2026-07-06 01:25:00,420,voice
P005,P004,+91-90000-10005,+91-90000-10004,2026-08-15 02:01:00,293,voice
P008,P009,+91-90000-10008,+91-90000-10009,2026-08-21 23:54:00,777,voice
P006,P045,+91-90000-10006,+91-90000-10045,2026-08-07 11:41:00,60,voice
P006,P002,+91-90000-10006,+91-90000-10002,2026-07-21 15:06:00,880,voice
P017,P044,+91-90000-10017,+91-90000-10044,2026-07-10 22:44:00,399,voice
P008,P009,+91-90000-10008,+91-90000-10009,2026-06-23 20:03:00,773,voice
P006,P010,+91-90000-10006,+91-90000-10010,2026-06-06 11:47:00,244,voice
P007,P008,+91-90000-10007,+91-90000-10008,2026-08-07 00:00:00,442,voice
P005,P002,+91-90000-10005,+91-90000-10002,2026-06-03 16:51:00,847,voice
P011,P013,+91-90000-10011,+91-90000-10013,2026-08-18 03:08:00,785,voice
P001,P006,+91-90000-10001,+91-90000-10006,2026-06-08 08:22:00,603,voice
P004,P003,+91-90000-10004,+91-90000-10003,2026-07-02 04:41:00,582,voice
P003,P001,+91-90000-10003,+91-90000-10001,2026-07-11 20:39:00,860,voice
P047,P022,+91-90000-10047,+91-90000-10022,2026-08-25 11:54:00,801,voice
P001,P005,+91-90000-10001,+91-90000-10005,2026-07-21 16:12:00,85,voice
P038,P029,+91-90000-10038,+91-90000-10029,2026-08-25 05:35:00,197,voice
P009,P010,+91-90000-10009,+91-90000-10010,2026-06-18 03:49:00,20,voice
P001,P041,+91-90000-10001,+91-90000-10041,2026-08-16 20:01:00,262,voice
P005,P004,+91-90000-10005,+91-90000-10004,2026-07-11 17:48:00,413,voice
P036,P044,+91-90000-10036,+91-90000-10044,2026-06-27 03:51:00,106,voice
P001,P003,+91-90000-10001,+91-90000-10003,2026-08-18 20:23:00,226,voice
P003,P005,+91-90000-10003,+91-90000-10005,2026-08-14 04:07:00,177,voice
P002,P001,+91-90000-10002,+91-90000-10001,2026-07-17 04:31:00,803,voice
P033,P032,+91-90000-10033,+91-90000-10032,2026-06-05 16:33:00,48,voice
P009,P007,+91-90000-10009,+91-90000-10007,2026-06-18 15:17:00,135,voice
P007,P008,+91-90000-10007,+91-90000-10008,2026-06-19 22:43:00,264,voice
P004,P006,+91-90000-10004,+91-90000-10006,2026-06-07 15:19:00,485,voice
P005,P002,+91-90000-10005,+91-90000-10002,2026-07-05 16:31:00,624,voice
P003,P006,+91-90000-10003,+91-90000-10006,2026-08-25 01:06:00,563,voice
P007,P010,+91-90000-10007,+91-90000-10010,2026-06-09 19:11:00,80,voice
P044,P046,+91-90000-10044,+91-90000-10046,2026-08-15 13:04:00,348,voice
P008,P007,+91-90000-10008,+91-90000-10007,2026-08-23 06:50:00,819,voice
P009,P007,+91-90000-10009,+91-90000-10007,2026-08-03 21:17:00,749,voice
P003,P001,+91-90000-10003,+91-90000-10001,2026-08-18 20:16:00,178,voice
P036,P008,+91-90000-10036,+91-90000-10008,2026-06-01 07:18:00,96,voice
P042,P017,+91-90000-10042,+91-90000-10017,2026-07-04 13:09:00,487,voice
P026,P027,+91-90000-10026,+91-90000-10027,2026-08-12 11:36:00,832,voice
P006,P009,+91-90000-10006,+91-90000-10009,2026-07-19 13:03:00,655,voice
P007,P008,+91-90000-10007,+91-90000-10008,2026-06-24 09:33:00,753,voice
P039,P021,+91-90000-10039,+91-90000-10021,2026-06-16 16:18:00,795,voice
P003,P010,+91-90000-10003,+91-90000-10010,2026-07-03 20:07:00,832,voice
P008,P009,+91-90000-10008,+91-90000-10009,2026-06-06 06:58:00,264,voice
P019,P037,+91-90000-10019,+91-90000-10037,2026-08-22 14:28:00,69,voice
P002,P006,+91-90000-10002,+91-90000-10006,2026-06-22 21:28:00,272,voice
P002,P003,+91-90000-10002,+91-90000-10003,2026-08-11 03:31:00,551,voice
P006,P007,+91-90000-10006,+91-90000-10007,2026-08-18 09:17:00,40,voice
P005,P003,+91-90000-10005,+91-90000-10003,2026-07-07 14:12:00,645,voice
P002,P003,+91-90000-10002,+91-90000-10003,2026-08-09 22:33:00,856,voice
P006,P004,+91-90000-10006,+91-90000-10004,2026-06-25 05:09:00,198,voice
P004,P005,+91-90000-10004,+91-90000-10005,2026-06-22 14:29:00,35,voice
P002,P006,+91-90000-10002,+91-90000-10006,2026-07-03 19:38:00,231,voice
P002,P006,+91-90000-10002,+91-90000-10006,2026-07-01 09:53:00,64,voice
P006,P004,+91-90000-10006,+91-90000-10004,2026-07-16 18:51:00,85,voice
P007,P008,+91-90000-10007,+91-90000-10008,2026-08-23 11:29:00,122,voice
P050,P007,+91-90000-10050,+91-90000-10007,2026-08-17 03:34:00,72,voice
P003,P001,+91-90000-10003,+91-90000-10001,2026-06-03 19:31:00,828,voice
P002,P006,+91-90000-10002,+91-90000-10006,2026-08-24 05:02:00,212,voice
P010,P009,+91-90000-10010,+91-90000-10009,2026-07-02 10:59:00,116,voice
P001,P002,+91-90000-10001,+91-90000-10002,2026-07-04 14:38:00,844,voice
P006,P009,+91-90000-10006,+91-90000-10009,2026-07-19 05:01:00,681,voice
P006,P007,+91-90000-10006,+91-90000-10007,2026-07-09 22:32:00,894,voice
P001,P006,+91-90000-10001,+91-90000-10006,2026-08-12 08:01:00,820,voice
P002,P001,+91-90000-10002,+91-90000-10001,2026-08-07 07:25:00,836,voice
P016,P038,+91-90000-10016,+91-90000-10038,2026-07-14 18:30:00,438,voice
P009,P011,+91-90000-10009,+91-90000-10011,2026-08-17 14:04:00,267,voice
P010,P007,+91-90000-10010,+91-90000-10007,2026-07-04 08:47:00,763,voice
P048,P013,+91-90000-10048,+91-90000-10013,2026-08-02 13:27:00,198,voice
P003,P005,+91-90000-10003,+91-90000-10005,2026-06-04 16:36:00,745,voice
P004,P003,+91-90000-10004,+91-90000-10003,2026-08-15 22:49:00,123,voice
P016,P012,+91-90000-10016,+91-90000-10012,2026-06-06 22:23:00,593,voice
P027,P024,+91-90000-10027,+91-90000-10024,2026-06-06 18:29:00,517,voice
P033,P015,+91-90000-10033,+91-90000-10015,2026-08-04 12:53:00,76,voice
P004,P015,+91-90000-10004,+91-90000-10015,2026-07-07 18:42:00,15,voice
P009,P036,+91-90000-10009,+91-90000-10036,2026-08-18 23:34:00,151,voice
P035,P007,+91-90000-10035,+91-90000-10007,2026-06-26 21:53:00,859,voice
P004,P003,+91-90000-10004,+91-90000-10003,2026-06-23 03:58:00,244,voice
P050,P007,+91-90000-10050,+91-90000-10007,2026-08-19 14:54:00,618,voice
P008,P010,+91-90000-10008,+91-90000-10010,2026-08-19 16:50:00,501,voice
P019,P038,+91-90000-10019,+91-90000-10038,2026-06-06 03:49:00,679,voice
P004,P006,+91-90000-10004,+91-90000-10006,2026-08-10 09:10:00,532,voice
P018,P025,+91-90000-10018,+91-90000-10025,2026-07-27 14:19:00,552,voice
P006,P002,+91-90000-10006,+91-90000-10002,2026-06-05 01:12:00,592,voice
P010,P008,+91-90000-10010,+91-90000-10008,2026-07-10 04:54:00,890,voice
P006,P002,+91-90000-10006,+91-90000-10002,2026-08-01 18:38:00,178,voice
P003,P002,+91-90000-10003,+91-90000-10002,2026-06-20 07:45:00,405,voice
P005,P006,+91-90000-10005,+91-90000-10006,2026-06-10 19:18:00,521,voice
P006,P008,+91-90000-10006,+91-90000-10008,2026-08-16 06:37:00,61,voice
P038,P032,+91-90000-10038,+91-90000-10032,2026-08-12 00:44:00,328,voice
P009,P008,+91-90000-10009,+91-90000-10008,2026-06-14 02:40:00,194,voice
P002,P004,+91-90000-10002,+91-90000-10004,2026-07-05 02:27:00,155,voice
P032,P023,+91-90000-10032,+91-90000-10023,2026-06-24 22:14:00,160,voice
P010,P007,+91-90000-10010,+91-90000-10007,2026-07-16 05:13:00,503,voice
P036,P016,+91-90000-10036,+91-90000-10016,2026-07-01 12:09:00,703,voice
P018,P040,+91-90000-10018,+91-90000-10040,2026-08-15 05:26:00,158,voice
P003,P034,+91-90000-10003,+91-90000-10034,2026-08-15 21:10:00,26,voice
P030,P025,+91-90000-10030,+91-90000-10025,2026-07-17 11:18:00,685,voice
P008,P006,+91-90000-10008,+91-90000-10006,2026-07-07 04:43:00,89,voice
P002,P005,+91-90000-10002,+91-90000-10005,2026-06-23 05:51:00,887,voice
P005,P006,+91-90000-10005,+91-90000-10006,2026-08-21 20:30:00,809,voice
P001,P002,+91-90000-10001,+91-90000-10002,2026-07-26 00:01:00,177,voice
P001,P002,+91-90000-10001,+91-90000-10002,2026-06-23 10:47:00,196,voice
P002,P001,+91-90000-10002,+91-90000-10001,2026-07-09 20:19:00,438,voice
P005,P047,+91-90000-10005,+91-90000-10047,2026-07-10 00:22:00,681,voice
P008,P010,+91-90000-10008,+91-90000-10010,2026-08-19 01:12:00,516,voice
P008,P009,+91-90000-10008,+91-90000-10009,2026-08-03 13:35:00,288,voice
P002,P023,+91-90000-10002,+91-90000-10023,2026-07-21 15:36:00,695,voice
P003,P001,+91-90000-10003,+91-90000-10001,2026-08-25 18:34:00,732,voice
P004,P005,+91-90000-10004,+91-90000-10005,2026-08-04 19:19:00,750,voice
P002,P027,+91-90000-10002,+91-90000-10027,2026-08-16 04:42:00,583,voice
P012,P036,+91-90000-10012,+91-90000-10036,2026-06-13 16:48:00,749,voice
P010,P022,+91-90000-10010,+91-90000-10022,2026-07-14 13:27:00,364,voice
P028,P048,+91-90000-10028,+91-90000-10048,2026-07-20 00:31:00,196,voice
P004,P006,+91-90000-10004,+91-90000-10006,2026-08-16 05:06:00,752,voice
P007,P008,+91-90000-10007,+91-90000-10008,2026-06-23 05:48:00,850,voice
P002,P003,+91-90000-10002,+91-90000-10003,2026-06-17 15:45:00,488,voice
P048,P049,+91-90000-10048,+91-90000-10049,2026-08-21 20:42:00,61,voice
P008,P009,+91-90000-10008,+91-90000-10009,2026-08-03 15:08:00,294,voice
P009,P008,+91-90000-10009,+91-90000-10008,2026-06-06 01:59:00,787,voice
P008,P009,+91-90000-10008,+91-90000-10009,2026-07-21 06:04:00,52,voice
P011,P012,+91-90000-10011,+91-90000-10012,2026-08-05 19:31:00,206,voice
P001,P004,+91-90000-10001,+91-90000-10004,2026-08-22 12:39:00,198,voice
P004,P002,+91-90000-10004,+91-90000-10002,2026-08-16 16:48:00,760,voice
P001,P006,+91-90000-10001,+91-90000-10006,2026-07-17 00:29:00,820,voice
P009,P006,+91-90000-10009,+91-90000-10006,2026-08-15 04:13:00,99,voice
P005,P006,+91-90000-10005,+91-90000-10006,2026-08-01 16:59:00,399,voice
P047,P018,+91-90000-10047,+91-90000-10018,2026-06-23 02:51:00,36,voice
P007,P009,+91-90000-10007,+91-90000-10009,2026-08-01 03:31:00,695,voice
P014,P002,+91-90000-10014,+91-90000-10002,2026-08-27 13:14:00,644,voice
P010,P009,+91-90000-10010,+91-90000-10009,2026-08-24 22:06:00,728,voice
P003,P006,+91-90000-10003,+91-90000-10006,2026-07-14 21:21:00,30,voice
P008,P010,+91-90000-10008,+91-90000-10010,2026-06-23 14:23:00,77,voice
P003,P006,+91-90000-10003,+91-90000-10006,2026-08-11 08:53:00,692,voice
P015,P024,+91-90000-10015,+91-90000-10024,2026-07-06 03:58:00,89,voice
P009,P007,+91-90000-10009,+91-90000-10007,2026-08-09 03:10:00,372,voice
P019,P003,+91-90000-10019,+91-90000-10003,2026-08-23 17:15:00,93,voice
P003,P004,+91-90000-10003,+91-90000-10004,2026-06-21 10:27:00,528,voice
P031,P026,+91-90000-10031,+91-90000-10026,2026-06-09 23:52:00,612,voice
P004,P003,+91-90000-10004,+91-90000-10003,2026-06-02 05:39:00,574,voice
P007,P019,+91-90000-10007,+91-90000-10019,2026-06-25 23:57:00,590,voice
P007,P006,+91-90000-10007,+91-90000-10006,2026-06-17 05:02:00,406,voice
P007,P008,+91-90000-10007,+91-90000-10008,2026-08-15 05:30:00,469,voice
P010,P007,+91-90000-10010,+91-90000-10007,2026-06-11 22:42:00,298,voice
P008,P006,+91-90000-10008,+91-90000-10006,2026-06-13 18:23:00,148,voice
P024,P042,+91-90000-10024,+91-90000-10042,2026-06-02 08:13:00,250,voice
P008,P006,+91-90000-10008,+91-90000-10006,2026-07-20 14:57:00,458,voice
P002,P005,+91-90000-10002,+91-90000-10005,2026-08-01 04:25:00,509,voice
P003,P001,+91-90000-10003,+91-90000-10001,2026-06-23 03:23:00,640,voice
P001,P002,+91-90000-10001,+91-90000-10002,2026-07-06 01:32:00,452,voice
P017,P020,+91-90000-10017,+91-90000-10020,2026-08-04 16:12:00,591,voice
P004,P007,+91-90000-10004,+91-90000-10007,2026-06-14 13:56:00,705,voice
P002,P004,+91-90000-10002,+91-90000-10004,2026-06-25 08:49:00,306,voice
P003,P002,+91-90000-10003,+91-90000-10002,2026-08-23 17:09:00,180,voice
P014,P050,+91-90000-10014,+91-90000-10050,2026-06-25 04:05:00,149,voice
P006,P002,+91-90000-10006,+91-90000-10002,2026-08-20 18:31:00,643,voice
P005,P033,+91-90000-10005,+91-90000-10033,2026-07-22 11:12:00,559,voice
P049,P003,+91-90000-10049,+91-90000-10003,2026-08-14 09:54:00,672,voice
P005,P002,+91-90000-10005,+91-90000-10002,2026-07-18 09:31:00,91,voice
P001,P003,+91-90000-10001,+91-90000-10003,2026-08-02 13:33:00,200,voice
P002,P005,+91-90000-10002,+91-90000-10005,2026-07-20 23:58:00,393,voice
P006,P003,+91-90000-10006,+91-90000-10003,2026-08-08 19:47:00,132,voice
P010,P006,+91-90000-10010,+91-90000-10006,2026-08-18 12:26:00,299,voice
P032,P043,+91-90000-10032,+91-90000-10043,2026-08-18 01:07:00,353,voice
P009,P010,+91-90000-10009,+91-90000-10010,2026-07-18 20:50:00,102,voice
P002,P004,+91-90000-10002,+91-90000-10004,2026-06-21 00:03:00,889,voice
P006,P004,+91-90000-10006,+91-90000-10004,2026-06-21 04:45:00,202,voice
P004,P001,+91-90000-10004,+91-90000-10001,2026-08-22 00:03:00,453,voice
P003,P001,+91-90000-10003,+91-90000-10001,2026-07-19 04:58:00,681,voice
P009,P010,+91-90000-10009,+91-90000-10010,2026-08-10 23:27:00,852,voice
P008,P009,+91-90000-10008,+91-90000-10009,2026-07-06 04:13:00,657,voice
P007,P008,+91-90000-10007,+91-90000-10008,2026-07-16 13:48:00,607,voice
P007,P039,+91-90000-10007,+91-90000-10039,2026-08-18 05:57:00,391,voice
P002,P003,+91-90000-10002,+91-90000-10003,2026-08-06 18:51:00,819,voice
P050,P046,+91-90000-10050,+91-90000-10046,2026-08-18 18:05:00,347,voice
P036,P041,+91-90000-10036,+91-90000-10041,2026-06-09 22:25:00,406,voice
P002,P004,+91-90000-10002,+91-90000-10004,2026-08-21 20:19:00,271,voice
P001,P003,+91-90000-10001,+91-90000-10003,2026-08-16 12:52:00,226,voice
P036,P048,+91-90000-10036,+91-90000-10048,2026-08-21 04:16:00,841,voice
P001,P005,+91-90000-10001,+91-90000-10005,2026-07-06 22:48:00,501,voice
P007,P009,+91-90000-10007,+91-90000-10009,2026-06-24 00:03:00,100,voice
P006,P009,+91-90000-10006,+91-90000-10009,2026-07-05 06:55:00,597,voice
P003,P002,+91-90000-10003,+91-90000-10002,2026-06-06 01:04:00,896,voice
P008,P010,+91-90000-10008,+91-90000-10010,2026-08-15 08:01:00,55,voice
P031,P046,+91-90000-10031,+91-90000-10046,2026-06-02 18:05:00,620,voice
P001,P006,+91-90000-10001,+91-90000-10006,2026-06-13 18:39:00,696,voice
P015,P008,+91-90000-10015,+91-90000-10008,2026-07-14 02:32:00,276,voice
P031,P039,+91-90000-10031,+91-90000-10039,2026-07-13 23:21:00,188,voice
P041,P006,+91-90000-10041,+91-90000-10006,2026-08-07 12:58:00,614,voice
P003,P005,+91-90000-10003,+91-90000-10005,2026-06-05 23:16:00,285,voice
P006,P003,+91-90000-10006,+91-90000-10003,2026-06-10 00:34:00,386,voice
P008,P006,+91-90000-10008,+91-90000-10006,2026-06-05 20:22:00,184,voice
P005,P003,+91-90000-10005,+91-90000-10003,2026-06-12 15:07:00,417,voice
P006,P008,+91-90000-10006,+91-90000-10008,2026-08-07 23:19:00,769,voice
P048,P049,+91-90000-10048,+91-90000-10049,2026-08-02 01:57:00,359,voice
P009,P008,+91-90000-10009,+91-90000-10008,2026-07-23 02:41:00,465,voice
P010,P009,+91-90000-10010,+91-90000-10009,2026-06-16 00:46:00,490,voice
P009,P007,+91-90000-10009,+91-90000-10007,2026-06-02 03:20:00,794,voice
P010,P009,+91-90000-10010,+91-90000-10009,2026-07-20 13:09:00,819,voice
P010,P006,+91-90000-10010,+91-90000-10006,2026-06-20 08:11:00,841,voice
P020,P033,+91-90000-10020,+91-90000-10033,2026-08-05 05:47:00,438,voice
P034,P011,+91-90000-10034,+91-90000-10011,2026-08-05 19:39:00,287,voice
P030,P011,+91-90000-10030,+91-90000-10011,2026-06-06 21:09:00,679,voice
P008,P009,+91-90000-10008,+91-90000-10009,2026-07-06 07:55:00,619,voice
P042,P001,+91-90000-10042,+91-90000-10001,2026-07-03 21:23:00,247,voice
P027,P002,+91-90000-10027,+91-90000-10002,2026-07-09 22:07:00,550,voice
P007,P009,+91-90000-10007,+91-90000-10009,2026-07-07 02:32:00,52,voice
P007,P006,+91-90000-10007,+91-90000-10006,2026-07-05 03:44:00,186,voice
P006,P004,+91-90000-10006,+91-90000-10004,2026-07-15 09:00:00,733,voice
P004,P003,+91-90000-10004,+91-90000-10003,2026-06-05 14:36:00,731,voice
P001,P003,+91-90000-10001,+91-90000-10003,2026-07-03 19:40:00,56,voice
P011,P028,+91-90000-10011,+91-90000-10028,2026-06-18 17:37:00,351,voice
P009,P008,+91-90000-10009,+91-90000-10008,2026-07-18 15:52:00,798,voice
P030,P021,+91-90000-10030,+91-90000-10021,2026-08-13 06:22:00,666,voice
P006,P007,+91-90000-10006,+91-90000-10007,2026-08-26 07:43:00,819,voice
P004,P003,+91-90000-10004,+91-90000-10003,2026-07-24 23:13:00,351,voice
P008,P007,+91-90000-10008,+91-90000-10007,2026-07-06 05:40:00,616,voice
P016,P039,+91-90000-10016,+91-90000-10039,2026-08-17 04:26:00,659,voice
P009,P008,+91-90000-10009,+91-90000-10008,2026-07-23 19:43:00,37,voice
P036,P020,+91-90000-10036,+91-90000-10020,2026-07-07 15:55:00,726,voice
P010,P008,+91-90000-10010,+91-90000-10008,2026-08-15 03:38:00,48,voice
P008,P010,+91-90000-10008,+91-90000-10010,2026-08-05 19:24:00,263,voice
P004,P005,+91-90000-10004,+91-90000-10005,2026-06-25 23:52:00,39,voice
P016,P023,+91-90000-10016,+91-90000-10023,2026-06-06 09:43:00,505,voice
P009,P008,+91-90000-10009,+91-90000-10008,2026-08-27 00:01:00,393,voice
P007,P010,+91-90000-10007,+91-90000-10010,2026-08-12 20:32:00,798,voice
P002,P005,+91-90000-10002,+91-90000-10005,2026-06-06 07:52:00,715,voice
P042,P048,+91-90000-10042,+91-90000-10048,2026-07-01 19:37:00,124,voice
P006,P008,+91-90000-10006,+91-90000-10008,2026-06-14 12:03:00,595,voice
P006,P009,+91-90000-10006,+91-90000-10009,2026-07-07 17:10:00,547,voice
P006,P008,+91-90000-10006,+91-90000-10008,2026-07-03 00:10:00,857,voice
P007,P008,+91-90000-10007,+91-90000-10008,2026-06-11 15:18:00,548,voice
P028,P026,+91-90000-10028,+91-90000-10026,2026-08-21 14:24:00,232,voice
P001,P010,+91-90000-10001,+91-90000-10010,2026-06-15 20:10:00,685,voice
P002,P006,+91-90000-10002,+91-90000-10006,2026-08-24 01:57:00,373,voice
P006,P003,+91-90000-10006,+91-90000-10003,2026-06-12 08:12:00,831,voice
P026,P003,+91-90000-10026,+91-90000-10003,2026-06-11 08:02:00,106,voice
P012,P004,+91-90000-10012,+91-90000-10004,2026-06-27 09:28:00,658,voice
P008,P010,+91-90000-10008,+91-90000-10010,2026-07-01 16:19:00,100,voice
P005,P021,+91-90000-10005,+91-90000-10021,2026-06-10 18:10:00,23,voice
P010,P040,+91-90000-10010,+91-90000-10040,2026-06-18 19:09:00,701,voice
P001,P003,+91-90000-10001,+91-90000-10003,2026-08-19 14:46:00,98,voice
P002,P001,+91-90000-10002,+91-90000-10001,2026-06-02 01:18:00,787,voice
P007,P009,+91-90000-10007,+91-90000-10009,2026-06-02 07:39:00,17,voice
P003,P002,+91-90000-10003,+91-90000-10002,2026-07-14 07:49:00,563,voice
P004,P005,+91-90000-10004,+91-90000-10005,2026-06-22 05:11:00,697,voice
P007,P006,+91-90000-10007,+91-90000-10006,2026-07-19 20:08:00,180,voice
P002,P005,+91-90000-10002,+91-90000-10005,2026-08-01 02:34:00,288,voice
P008,P009,+91-90000-10008,+91-90000-10009,2026-06-03 11:11:00,757,voice
P002,P005,+91-90000-10002,+91-90000-10005,2026-07-06 03:03:00,176,voice
P027,P035,+91-90000-10027,+91-90000-10035,2026-06-22 16:36:00,125,voice
P002,P004,+91-90000-10002,+91-90000-10004,2026-08-23 19:31:00,665,voice
P008,P010,+91-90000-10008,+91-90000-10010,2026-08-17 15:10:00,878,voice
P035,P033,+91-90000-10035,+91-90000-10033,2026-07-01 03:23:00,582,voice
P004,P002,+91-90000-10004,+91-90000-10002,2026-06-10 17:26:00,43,voice
P001,P005,+91-90000-10001,+91-90000-10005,2026-07-19 11:01:00,514,voice
P003,P001,+91-90000-10003,+91-90000-10001,2026-06-08 05:54:00,193,voice
P041,P005,+91-90000-10041,+91-90000-10005,2026-06-25 04:44:00,813,voice
P008,P007,+91-90000-10008,+91-90000-10007,2026-07-26 16:20:00,306,voice
P005,P003,+91-90000-10005,+91-90000-10003,2026-07-05 22:14:00,36,voice
P008,P026,+91-90000-10008,+91-90000-10026,2026-06-12 17:18:00,475,voice
P019,P005,+91-90000-10019,+91-90000-10005,2026-07-27 23:37:00,273,voice
P007,P006,+91-90000-10007,+91-90000-10006,2026-08-07 20:06:00,806,voice
P030,P022,+91-90000-10030,+91-90000-10022,2026-06-21 17:23:00,532,voice
P038,P003,+91-90000-10038,+91-90000-10003,2026-06-16 23:05:00,619,voice
P009,P006,+91-90000-10009,+91-90000-10006,2026-07-13 07:39:00,197,voice
P018,P008,+91-90000-10018,+91-90000-10008,2026-08-02 21:27:00,159,voice
P005,P003,+91-90000-10005,+91-90000-10003,2026-06-27 01:11:00,641,voice
P001,P048,+91-90000-10001,+91-90000-10048,2026-07-17 15:30:00,485,voice
P004,P006,+91-90000-10004,+91-90000-10006,2026-06-11 20:19:00,547,voice
P010,P009,+91-90000-10010,+91-90000-10009,2026-06-04 13:44:00,117,voice
P009,P010,+91-90000-10009,+91-90000-10010,2026-08-27 02:59:00,137,voice
P012,P004,+91-90000-10012,+91-90000-10004,2026-07-05 14:51:00,712,voice
P004,P006,+91-90000-10004,+91-90000-10006,2026-08-19 09:12:00,258,voice
P006,P002,+91-90000-10006,+91-90000-10002,2026-07-14 14:05:00,787,voice
P010,P009,+91-90000-10010,+91-90000-10009,2026-08-19 20:26:00,196,voice
P010,P006,+91-90000-10010,+91-90000-10006,2026-06-08 17:44:00,308,voice
P001,P002,+91-90000-10001,+91-90000-10002,2026-06-27 08:42:00,716,voice
P003,P001,+91-90000-10003,+91-90000-10001,2026-08-20 00:15:00,724,voice
P010,P009,+91-90000-10010,+91-90000-10009,2026-07-13 14:42:00,657,voice
P006,P002,+91-90000-10006,+91-90000-10002,2026-06-09 20:56:00,613,voice
P002,P005,+91-90000-10002,+91-90000-10005,2026-06-20 15:12:00,433,voice
P009,P006,+91-90000-10009,+91-90000-10006,2026-07-18 01:42:00,74,voice
P006,P002,+91-90000-10006,+91-90000-10002,2026-08-09 06:09:00,709,voice
P001,P003,+91-90000-10001,+91-90000-10003,2026-06-03 20:48:00,133,voice
P002,P001,+91-90000-10002,+91-90000-10001,2026-07-15 16:46:00,124,voice
P007,P010,+91-90000-10007,+91-90000-10010,2026-08-16 16:09:00,751,voice
P008,P007,+91-90000-10008,+91-90000-10007,2026-06-24 20:13:00,828,voice
P010,P006,+91-90000-10010,+91-90000-10006,2026-08-08 12:12:00,26,voice
P031,P044,+91-90000-10031,+91-90000-10044,2026-07-19 01:36:00,558,voice
P050,P035,+91-90000-10050,+91-90000-10035,2026-08-06 09:32:00,675,voice
P002,P004,+91-90000-10002,+91-90000-10004,2026-07-17 22:24:00,757,voice
P044,P004,+91-90000-10044,+91-90000-10004,2026-06-25 01:32:00,149,voice
P022,P034,+91-90000-10022,+91-90000-10034,2026-08-10 17:17:00,373,voice
P038,P025,+91-90000-10038,+91-90000-10025,2026-07-09 19:52:00,816,voice
P002,P004,+91-90000-10002,+91-90000-10004,2026-07-15 06:56:00,776,voice
P006,P001,+91-90000-10006,+91-90000-10001,2026-07-25 20:32:00,313,voice
P004,P013,+91-90000-10004,+91-90000-10013,2026-07-19 08:13:00,621,voice
P048,P040,+91-90000-10048,+91-90000-10040,2026-07-25 22:18:00,622,voice
P036,P005,+91-90000-10036,+91-90000-10005,2026-06-04 23:05:00,50,voice
P042,P039,+91-90000-10042,+91-90000-10039,2026-08-17 22:19:00,132,voice
P009,P006,+91-90000-10009,+91-90000-10006,2026-07-10 18:50:00,529,voice
P006,P001,+91-90000-10006,+91-90000-10001,2026-07-12 09:12:00,729,voice
P003,P006,+91-90000-10003,+91-90000-10006,2026-07-25 01:53:00,529,voice
P006,P001,+91-90000-10006,+91-90000-10001,2026-07-05 21:34:00,331,voice
P003,P002,+91-90000-10003,+91-90000-10002,2026-08-10 07:34:00,572,voice
P031,P009,+91-90000-10031,+91-90000-10009,2026-08-23 17:43:00,766,voice
P043,P009,+91-90000-10043,+91-90000-10009,2026-06-13 13:41:00,146,voice
P004,P003,+91-90000-10004,+91-90000-10003,2026-08-26 19:07:00,236,voice
P009,P028,+91-90000-10009,+91-90000-10028,2026-06-07 07:03:00,474,voice
P003,P004,+91-90000-10003,+91-90000-10004,2026-06-14 21:10:00,471,voice
P043,P050,+91-90000-10043,+91-90000-10050,2026-06-25 23:20:00,581,voice
P004,P013,+91-90000-10004,+91-90000-10013,2026-06-20 11:46:00,801,voice
P014,P023,+91-90000-10014,+91-90000-10023,2026-07-01 23:40:00,888,voice
P028,P045,+91-90000-10028,+91-90000-10045,2026-07-14 04:59:00,650,voice
P034,P045,+91-90000-10034,+91-90000-10045,2026-07-16 21:04:00,191,voice
P003,P004,+91-90000-10003,+91-90000-10004,2026-07-12 21:39:00,260,voice
P002,P001,+91-90000-10002,+91-90000-10001,2026-07-10 00:45:00,361,voice
P004,P006,+91-90000-10004,+91-90000-10006,2026-08-08 11:41:00,741,voice
P007,P010,+91-90000-10007,+91-90000-10010,2026-06-17 00:19:00,683,voice
P002,P005,+91-90000-10002,+91-90000-10005,2026-08-07 04:16:00,153,voice
P006,P004,+91-90000-10006,+91-90000-10004,2026-08-14 11:58:00,493,voice
P009,P008,+91-90000-10009,+91-90000-10008,2026-08-03 13:21:00,870,voice
P001,P035,+91-90000-10001,+91-90000-10035,2026-07-24 09:20:00,858,voice
P007,P036,+91-90000-10007,+91-90000-10036,2026-07-08 12:07:00,310,voice
P006,P002,+91-90000-10006,+91-90000-10002,2026-06-15 00:38:00,226,voice
P010,P009,+91-90000-10010,+91-90000-10009,2026-08-12 07:56:00,23,voice
P001,P005,+91-90000-10001,+91-90000-10005,2026-06-23 00:22:00,603,voice
P049,P032,+91-90000-10049,+91-90000-10032,2026-08-01 14:44:00,410,voice
P009,P010,+91-90000-10009,+91-90000-10010,2026-08-12 06:40:00,852,voice
P008,P005,+91-90000-10008,+91-90000-10005,2026-07-11 15:38:00,659,voice
P028,P012,+91-90000-10028,+91-90000-10012,2026-06-25 16:39:00,508,voice
P006,P008,+91-90000-10006,+91-90000-10008,2026-06-22 13:26:00,27,voice
P043,P005,+91-90000-10043,+91-90000-10005,2026-07-13 12:58:00,617,voice
P007,P009,+91-90000-10007,+91-90000-10009,2026-08-11 23:51:00,266,voice
P001,P029,+91-90000-10001,+91-90000-10029,2026-06-27 23:33:00,624,voice
P007,P006,+91-90000-10007,+91-90000-10006,2026-08-01 13:33:00,436,voice
P045,P002,+91-90000-10045,+91-90000-10002,2026-06-16 18:45:00,867,voice
P008,P010,+91-90000-10008,+91-90000-10010,2026-08-02 02:18:00,367,voice
P004,P006,+91-90000-10004,+91-90000-10006,2026-07-02 10:35:00,321,voice
P004,P005,+91-90000-10004,+91-90000-10005,2026-07-21 02:59:00,746,voice
P001,P003,+91-90000-10001,+91-90000-10003,2026-07-21 11:28:00,435,voice
P011,P047,+91-90000-10011,+91-90000-10047,2026-07-13 14:11:00,359,voice
P007,P010,+91-90000-10007,+91-90000-10010,2026-06-11 00:51:00,75,voice
P003,P005,+91-90000-10003,+91-90000-10005,2026-07-16 13:43:00,830,voice
P003,P005,+91-90000-10003,+91-90000-10005,2026-07-22 10:28:00,125,voice
P004,P001,+91-90000-10004,+91-90000-10001,2026-08-16 10:32:00,334,voice
P006,P002,+91-90000-10006,+91-90000-10002,2026-07-19 16:18:00,45,voice
P004,P001,+91-90000-10004,+91-90000-10001,2026-08-26 13:55:00,374,voice
P048,P022,+91-90000-10048,+91-90000-10022,2026-08-22 19:32:00,658,voice
P002,P006,+91-90000-10002,+91-90000-10006,2026-08-01 20:27:00,635,voice
P002,P004,+91-90000-10002,+91-90000-10004,2026-08-09 23:04:00,53,voice
P003,P002,+91-90000-10003,+91-90000-10002,2026-08-18 07:53:00,192,voice
P019,P002,+91-90000-10019,+91-90000-10002,2026-07-02 05:29:00,740,voice
P005,P035,+91-90000-10005,+91-90000-10035,2026-08-23 06:10:00,662,voice
P002,P001,+91-90000-10002,+91-90000-10001,2026-07-21 07:18:00,769,voice
P037,P006,+91-90000-10037,+91-90000-10006,2026-08-17 15:20:00,331,voice
P009,P008,+91-90000-10009,+91-90000-10008,2026-06-14 18:27:00,885,voice
P001,P003,+91-90000-10001,+91-90000-10003,2026-06-12 11:00:00,86,voice
P009,P010,+91-90000-10009,+91-90000-10010,2026-08-21 23:14:00,268,voice
P006,P008,+91-90000-10006,+91-90000-10008,2026-07-17 10:37:00,494,voice
P005,P040,+91-90000-10005,+91-90000-10040,2026-07-20 18:50:00,479,voice
P014,P002,+91-90000-10014,+91-90000-10002,2026-08-24 07:50:00,157,voice
P010,P006,+91-90000-10010,+91-90000-10006,2026-06-12 08:08:00,661,voice
P004,P006,+91-90000-10004,+91-90000-10006,2026-08-09 09:58:00,474,voice
P008,P010,+91-90000-10008,+91-90000-10010,2026-08-10 20:30:00,185,voice
P009,P019,+91-90000-10009,+91-90000-10019,2026-08-15 12:22:00,384,voice
P004,P003,+91-90000-10004,+91-90000-10003,2026-07-05 17:17:00,493,voice
P003,P002,+91-90000-10003,+91-90000-10002,2026-07-21 09:04:00,751,voice
P004,P005,+91-90000-10004,+91-90000-10005,2026-06-13 08:58:00,524,voice
P009,P010,+91-90000-10009,+91-90000-10010,2026-06-12 21:43:00,899,voice
P007,P008,+91-90000-10007,+91-90000-10008,2026-07-24 17:07:00,399,voice
P007,P009,+91-90000-10007,+91-90000-10009,2026-08-04 14:18:00,88,voice
P008,P009,+91-90000-10008,+91-90000-10009,2026-08-18 08:26:00,856,voice
P008,P007,+91-90000-10008,+91-90000-10007,2026-07-22 23:48:00,745,voice
P008,P034,+91-90000-10008,+91-90000-10034,2026-08-19 07:43:00,532,voice
P005,P001,+91-90000-10005,+91-90000-10001,2026-06-13 00:25:00,126,voice
P045,P049,+91-90000-10045,+91-90000-10049,2026-08-22 18:38:00,736,voice
P009,P008,+91-90000-10009,+91-90000-10008,2026-07-03 08:23:00,742,voice
P010,P007,+91-90000-10010,+91-90000-10007,2026-06-22 13:33:00,494,voice
P001,P003,+91-90000-10001,+91-90000-10003,2026-07-08 10:35:00,336,voice
P015,P013,+91-90000-10015,+91-90000-10013,2026-06-08 08:41:00,873,voice
P047,P005,+91-90000-10047,+91-90000-10005,2026-06-19 21:59:00,176,voice
P004,P006,+91-90000-10004,+91-90000-10006,2026-07-14 23:18:00,633,voice
P006,P001,+91-90000-10006,+91-90000-10001,2026-08-15 05:59:00,786,voice
P010,P007,+91-90000-10010,+91-90000-10007,2026-08-23 15:00:00,395,voice
P007,P008,+91-90000-10007,+91-90000-10008,2026-08-26 23:43:00,757,voice
P010,P007,+91-90000-10010,+91-90000-10007,2026-07-14 20:49:00,321,voice
P006,P002,+91-90000-10006,+91-90000-10002,2026-07-05 12:45:00,809,voice
P007,P006,+91-90000-10007,+91-90000-10006,2026-08-13 03:04:00,249,voice
P008,P010,+91-90000-10008,+91-90000-10010,2026-08-08 03:11:00,257,voice
P038,P033,+91-90000-10038,+91-90000-10033,2026-07-10 02:05:00,544,voice
P005,P002,+91-90000-10005,+91-90000-10002,2026-08-22 16:17:00,510,voice
P008,P007,+91-90000-10008,+91-90000-10007,2026-08-10 21:21:00,772,voice
P004,P006,+91-90000-10004,+91-90000-10006,2026-08-04 16:37:00,830,voice
P006,P008,+91-90000-10006,+91-90000-10008,2026-08-18 01:01:00,493,voice
P009,P008,+91-90000-10009,+91-90000-10008,2026-08-24 23:51:00,842,voice
P009,P013,+91-90000-10009,+91-90000-10013,2026-06-16 01:09:00,808,voice
P012,P009,+91-90000-10012,+91-90000-10009,2026-07-11 01:51:00,523,voice
P007,P006,+91-90000-10007,+91-90000-10006,2026-08-02 20:18:00,623,voice
P019,P033,+91-90000-10019,+91-90000-10033,2026-07-19 19:22:00,153,voice
P002,P036,+91-90000-10002,+91-90000-10036,2026-07-21 08:53:00,657,voice
P008,P009,+91-90000-10008,+91-90000-10009,2026-08-19 20:15:00,880,voice
P007,P009,+91-90000-10007,+91-90000-10009,2026-06-24 22:47:00,21,voice
P008,P009,+91-90000-10008,+91-90000-10009,2026-08-17 03:00:00,111,voice
P007,P006,+91-90000-10007,+91-90000-10006,2026-07-13 14:41:00,114,voice
P005,P006,+91-90000-10005,+91-90000-10006,2026-08-19 07:14:00,612,voice
P009,P007,+91-90000-10009,+91-90000-10007,2026-08-02 04:53:00,239,voice
P022,P043,+91-90000-10022,+91-90000-10043,2026-07-20 15:12:00,723,voice
P010,P009,+91-90000-10010,+91-90000-10009,2026-07-13 12:17:00,587,voice
P005,P006,+91-90000-10005,+91-90000-10006,2026-08-20 01:59:00,236,voice
P006,P005,+91-90000-10006,+91-90000-10005,2026-06-10 06:52:00,74,voice
P044,P035,+91-90000-10044,+91-90000-10035,2026-07-21 14:33:00,428,voice
P001,P004,+91-90000-10001,+91-90000-10004,2026-07-01 01:20:00,389,voice
P005,P001,+91-90000-10005,+91-90000-10001,2026-07-06 21:50:00,870,voice
P008,P011,+91-90000-10008,+91-90000-10011,2026-06-13 20:14:00,703,voice
P002,P003,+91-90000-10002,+91-90000-10003,2026-06-25 09:18:00,108,voice
P002,P005,+91-90000-10002,+91-90000-10005,2026-06-14 06:06:00,242,voice
P009,P006,+91-90000-10009,+91-90000-10006,2026-07-11 23:17:00,700,voice
P008,P040,+91-90000-10008,+91-90000-10040,2026-08-23 19:18:00,114,voice
P001,P002,+91-90000-10001,+91-90000-10002,2026-07-09 04:03:00,328,voice
P017,P036,+91-90000-10017,+91-90000-10036,2026-08-10 05:35:00,470,voice
P007,P009,+91-90000-10007,+91-90000-10009,2026-07-17 03:33:00,352,voice
P010,P006,+91-90000-10010,+91-90000-10006,2026-07-07 22:42:00,700,voice
P050,P012,+91-90000-10050,+91-90000-10012,2026-07-17 22:11:00,806,voice
P009,P008,+91-90000-10009,+91-90000-10008,2026-07-09 05:34:00,838,voice
P006,P010,+91-90000-10006,+91-90000-10010,2026-08-15 20:16:00,560,voice
P014,P045,+91-90000-10014,+91-90000-10045,2026-07-26 13:00:00,465,voice
P044,P042,+91-90000-10044,+91-90000-10042,2026-07-13 19:30:00,447,voice
P041,P039,+91-90000-10041,+91-90000-10039,2026-06-09 02:27:00,845,voice
P015,P011,+91-90000-10015,+91-90000-10011,2026-08-16 03:16:00,112,voice
P014,P010,+91-90000-10014,+91-90000-10010,2026-07-06 15:58:00,789,voice
P005,P004,+91-90000-10005,+91-90000-10004,2026-06-08 04:13:00,378,voice
P020,P047,+91-90000-10020,+91-90000-10047,2026-08-15 19:25:00,872,voice
P006,P009,+91-90000-10006,+91-90000-10009,2026-07-04 04:47:00,511,voice
P048,P022,+91-90000-10048,+91-90000-10022,2026-06-07 10:04:00,448,voice
P009,P006,+91-90000-10009,+91-90000-10006,2026-08-25 09:05:00,353,voice
P022,P030,+91-90000-10022,+91-90000-10030,2026-07-10 01:10:00,434,voice
P006,P001,+91-90000-10006,+91-90000-10001,2026-06-20 13:09:00,805,voice
P016,P017,+91-90000-10016,+91-90000-10017,2026-08-01 19:39:00,574,voice
P008,P009,+91-90000-10008,+91-90000-10009,2026-08-08 18:35:00,791,voice
P008,P010,+91-90000-10008,+91-90000-10010,2026-07-15 20:25:00,469,voice
P009,P007,+91-90000-10009,+91-90000-10007,2026-06-12 09:03:00,188,voice
P005,P004,+91-90000-10005,+91-90000-10004,2026-08-13 14:27:00,361,voice
P007,P010,+91-90000-10007,+91-90000-10010,2026-07-23 10:24:00,894,voice
P006,P007,+91-90000-10006,+91-90000-10007,2026-08-20 12:50:00,591,voice
P005,P006,+91-90000-10005,+91-90000-10006,2026-08-09 20:10:00,219,voice
P006,P003,+91-90000-10006,+91-90000-10003,2026-08-12 19:12:00,522,voice
P006,P009,+91-90000-10006,+91-90000-10009,2026-06-06 17:48:00,877,voice
P045,P041,+91-90000-10045,+91-90000-10041,2026-07-22 04:40:00,896,voice
P020,P019,+91-90000-10020,+91-90000-10019,2026-07-15 11:43:00,688,voice
P007,P008,+91-90000-10007,+91-90000-10008,2026-07-07 21:22:00,811,voice
P036,P002,+91-90000-10036,+91-90000-10002,2026-07-24 18:31:00,301,voice
P004,P006,+91-90000-10004,+91-90000-10006,2026-06-18 03:46:00,395,voice
P010,P008,+91-90000-10010,+91-90000-10008,2026-07-23 00:43:00,780,voice
P010,P006,+91-90000-10010,+91-90000-10006,2026-08-19 16:50:00,643,voice
P002,P004,+91-90000-10002,+91-90000-10004,2026-06-25 06:06:00,241,voice
P022,P024,+91-90000-10022,+91-90000-10024,2026-06-17 05:39:00,228,voice
P005,P002,+91-90000-10005,+91-90000-10002,2026-07-22 19:32:00,347,voice
P007,P009,+91-90000-10007,+91-90000-10009,2026-08-20 14:32:00,47,voice
P009,P006,+91-90000-10009,+91-90000-10006,2026-07-22 01:55:00,350,voice
P007,P008,+91-90000-10007,+91-90000-10008,2026-07-21 05:20:00,663,voice
P009,P010,+91-90000-10009,+91-90000-10010,2026-07-10 00:11:00,722,voice
P018,P034,+91-90000-10018,+91-90000-10034,2026-07-11 03:02:00,626,voice
P006,P010,+91-90000-10006,+91-90000-10010,2026-08-15 10:29:00,195,voice
P045,P049,+91-90000-10045,+91-90000-10049,2026-07-03 13:49:00,236,voice
P006,P005,+91-90000-10006,+91-90000-10005,2026-07-13 07:40:00,180,voice
P001,P003,+91-90000-10001,+91-90000-10003,2026-08-04 23:44:00,789,voice
P003,P004,+91-90000-10003,+91-90000-10004,2026-06-16 10:17:00,694,voice
P030,P047,+91-90000-10030,+91-90000-10047,2026-08-20 13:26:00,692,voice
P043,P022,+91-90000-10043,+91-90000-10022,2026-08-15 21:16:00,733,voice
P003,P001,+91-90000-10003,+91-90000-10001,2026-06-17 18:08:00,116,voice
P038,P013,+91-90000-10038,+91-90000-10013,2026-08-20 19:27:00,262,voice
P007,P009,+91-90000-10007,+91-90000-10009,2026-06-14 08:56:00,298,voice
P005,P002,+91-90000-10005,+91-90000-10002,2026-06-15 09:34:00,49,voice
P002,P004,+91-90000-10002,+91-90000-10004,2026-08-19 15:37:00,566,voice
P006,P004,+91-90000-10006,+91-90000-10004,2026-06-01 01:57:00,309,voice
P001,P004,+91-90000-10001,+91-90000-10004,2026-07-05 02:39:00,169,voice
P005,P006,+91-90000-10005,+91-90000-10006,2026-06-05 01:41:00,280,voice
P006,P004,+91-90000-10006,+91-90000-10004,2026-06-18 04:04:00,712,voice
P031,P010,+91-90000-10031,+91-90000-10010,2026-08-09 12:17:00,761,voice
P002,P003,+91-90000-10002,+91-90000-10003,2026-06-16 00:29:00,407,voice
P003,P002,+91-90000-10003,+91-90000-10002,2026-07-27 10:08:00,566,voice
P048,P010,+91-90000-10048,+91-90000-10010,2026-08-15 01:55:00,105,voice
P001,P002,+91-90000-10001,+91-90000-10002,2026-08-08 02:32:00,753,voice
P008,P030,+91-90000-10008,+91-90000-10030,2026-08-26 11:45:00,529,voice
P006,P010,+91-90000-10006,+91-90000-10010,2026-06-09 14:02:00,246,voice
P036,P004,+91-90000-10036,+91-90000-10004,2026-08-16 14:41:00,868,voice
P003,P001,+91-90000-10003,+91-90000-10001,2026-06-20 14:35:00,49,voice
P006,P005,+91-90000-10006,+91-90000-10005,2026-08-15 04:44:00,307,voice
P003,P004,+91-90000-10003,+91-90000-10004,2026-07-03 19:39:00,457,voice
P003,P002,+91-90000-10003,+91-90000-10002,2026-08-09 10:37:00,87,voice
P010,P009,+91-90000-10010,+91-90000-10009,2026-07-05 22:52:00,29,voice
P007,P028,+91-90000-10007,+91-90000-10028,2026-06-06 15:24:00,423,voice
P041,P020,+91-90000-10041,+91-90000-10020,2026-07-01 02:39:00,319,voice
P010,P006,+91-90000-10010,+91-90000-10006,2026-07-12 16:59:00,139,voice
P008,P007,+91-90000-10008,+91-90000-10007,2026-06-06 06:59:00,345,voice
P005,P004,+91-90000-10005,+91-90000-10004,2026-07-18 13:33:00,173,voice
P007,P008,+91-90000-10007,+91-90000-10008,2026-08-12 03:20:00,771,voice
P030,P012,+91-90000-10030,+91-90000-10012,2026-08-24 13:20:00,206,voice
P002,P001,+91-90000-10002,+91-90000-10001,2026-06-02 05:07:00,899,voice
P001,P005,+91-90000-10001,+91-90000-10005,2026-06-18 00:26:00,391,voice
P003,P001,+91-90000-10003,+91-90000-10001,2026-08-03 06:03:00,223,voice
P012,P005,+91-90000-10012,+91-90000-10005,2026-06-13 06:36:00,356,voice
P008,P010,+91-90000-10008,+91-90000-10010,2026-07-24 03:47:00,377,voice
P030,P011,+91-90000-10030,+91-90000-10011,2026-06-01 21:43:00,785,voice
P024,P006,+91-90000-10024,+91-90000-10006,2026-08-05 17:42:00,644,voice
P003,P005,+91-90000-10003,+91-90000-10005,2026-08-15 17:59:00,616,voice
P009,P010,+91-90000-10009,+91-90000-10010,2026-07-20 02:09:00,740,voice
P010,P008,+91-90000-10010,+91-90000-10008,2026-06-17 23:18:00,323,voice
P002,P005,+91-90000-10002,+91-90000-10005,2026-08-04 01:35:00,151,voice
P006,P010,+91-90000-10006,+91-90000-10010,2026-07-14 17:27:00,732,voice
P006,P002,+91-90000-10006,+91-90000-10002,2026-08-19 16:29:00,480,voice
P030,P043,+91-90000-10030,+91-90000-10043,2026-08-22 10:58:00,693,voice
P009,P011,+91-90000-10009,+91-90000-10011,2026-07-03 06:38:00,552,voice
P005,P001,+91-90000-10005,+91-90000-10001,2026-06-06 02:06:00,898,voice
P023,P045,+91-90000-10023,+91-90000-10045,2026-06-11 06:27:00,370,voice
P010,P007,+91-90000-10010,+91-90000-10007,2026-07-12 22:46:00,598,voice
P041,P035,+91-90000-10041,+91-90000-10035,2026-06-07 21:38:00,808,voice
P010,P009,+91-90000-10010,+91-90000-10009,2026-08-05 07:24:00,651,voice
P010,P008,+91-90000-10010,+91-90000-10008,2026-08-26 16:06:00,588,voice
P005,P006,+91-90000-10005,+91-90000-10006,2026-06-16 02:00:00,19,voice
P003,P001,+91-90000-10003,+91-90000-10001,2026-08-20 16:57:00,201,voice
P008,P009,+91-90000-10008,+91-90000-10009,2026-08-26 04:01:00,207,voice
P008,P006,+91-90000-10008,+91-90000-10006,2026-08-11 20:21:00,844,voice
P007,P008,+91-90000-10007,+91-90000-10008,2026-08-14 17:15:00,115,voice
P002,P005,+91-90000-10002,+91-90000-10005,2026-07-27 02:47:00,486,voice
P002,P005,+91-90000-10002,+91-90000-10005,2026-06-15 07:25:00,473,voice
P020,P021,+91-90000-10020,+91-90000-10021,2026-06-22 13:56:00,377,voice
P012,P021,+91-90000-10012,+91-90000-10021,2026-08-12 17:34:00,825,voice
P005,P002,+91-90000-10005,+91-90000-10002,2026-07-12 19:32:00,168,voice
P008,P043,+91-90000-10008,+91-90000-10043,2026-06-22 23:47:00,242,voice
P006,P001,+91-90000-10006,+91-90000-10001,2026-06-19 14:30:00,566,voice
P010,P008,+91-90000-10010,+91-90000-10008,2026-07-06 03:20:00,593,voice
P004,P001,+91-90000-10004,+91-90000-10001,2026-08-04 12:25:00,805,voice
P002,P003,+91-90000-10002,+91-90000-10003,2026-07-17 11:45:00,410,voice
P010,P008,+91-90000-10010,+91-90000-10008,2026-06-16 11:42:00,443,voice
P010,P007,+91-90000-10010,+91-90000-10007,2026-07-01 02:02:00,471,voice
P005,P004,+91-90000-10005,+91-90000-10004,2026-06-05 22:49:00,740,voice
P002,P001,+91-90000-10002,+91-90000-10001,2026-07-14 04:04:00,633,voice
P004,P006,+91-90000-10004,+91-90000-10006,2026-08-22 04:18:00,753,voice
P010,P035,+91-90000-10010,+91-90000-10035,2026-07-11 10:37:00,693,voice
P006,P002,+91-90000-10006,+91-90000-10002,2026-06-11 17:44:00,878,voice
P001,P002,+91-90000-10001,+91-90000-10002,2026-06-11 14:15:00,353,voice
P016,P033,+91-90000-10016,+91-90000-10033,2026-06-27 17:33:00,593,voice
P006,P001,+91-90000-10006,+91-90000-10001,2026-08-16 23:33:00,479,voice
P005,P001,+91-90000-10005,+91-90000-10001,2026-06-18 12:57:00,54,voice
P006,P005,+91-90000-10006,+91-90000-10005,2026-06-18 12:26:00,805,voice
P020,P008,+91-90000-10020,+91-90000-10008,2026-08-23 09:52:00,544,voice
P004,P005,+91-90000-10004,+91-90000-10005,2026-08-08 06:26:00,157,voice
P006,P008,+91-90000-10006,+91-90000-10008,2026-08-24 03:51:00,662,voice
P001,P006,+91-90000-10001,+91-90000-10006,2026-06-05 02:57:00,737,voice
P009,P049,+91-90000-10009,+91-90000-10049,2026-06-03 03:50:00,356,voice
P006,P010,+91-90000-10006,+91-90000-10010,2026-07-20 19:38:00,135,voice
P028,P001,+91-90000-10028,+91-90000-10001,2026-07-04 18:46:00,312,voice
P006,P041,+91-90000-10006,+91-90000-10041,2026-08-27 13:57:00,727,voice
P039,P032,+91-90000-10039,+91-90000-10032,2026-07-05 06:23:00,305,voice
P007,P009,+91-90000-10007,+91-90000-10009,2026-07-04 18:39:00,402,voice
P003,P002,+91-90000-10003,+91-90000-10002,2026-06-05 22:38:00,29,voice
P010,P036,+91-90000-10010,+91-90000-10036,2026-08-10 09:11:00,623,voice
P009,P006,+91-90000-10009,+91-90000-10006,2026-06-23 23:35:00,104,voice
P003,P036,+91-90000-10003,+91-90000-10036,2026-07-08 16:14:00,106,voice
P008,P007,+91-90000-10008,+91-90000-10007,2026-07-05 03:37:00,633,voice
P011,P016,+91-90000-10011,+91-90000-10016,2026-08-26 15:42:00,710,voice
P001,P010,+91-90000-10001,+91-90000-10010,2026-07-06 22:32:00,454,voice
P003,P006,+91-90000-10003,+91-90000-10006,2026-07-12 02:50:00,433,voice
P006,P010,+91-90000-10006,+91-90000-10010,2026-06-27 07:39:00,659,voice
P010,P009,+91-90000-10010,+91-90000-10009,2026-06-27 02:49:00,368,voice
P001,P006,+91-90000-10001,+91-90000-10006,2026-08-16 00:22:00,629,voice
P030,P012,+91-90000-10030,+91-90000-10012,2026-08-02 23:33:00,141,voice
P017,P024,+91-90000-10017,+91-90000-10024,2026-06-22 18:00:00,822,voice
P006,P002,+91-90000-10006,+91-90000-10002,2026-06-09 22:55:00,883,voice
P016,P041,+91-90000-10016,+91-90000-10041,2026-06-12 11:04:00,435,voice
P006,P003,+91-90000-10006,+91-90000-10003,2026-07-02 01:58:00,381,voice
P003,P004,+91-90000-10003,+91-90000-10004,2026-07-27 01:58:00,663,voice
P004,P001,+91-90000-10004,+91-90000-10001,2026-08-05 17:00:00,46,voice
P003,P004,+91-90000-10003,+91-90000-10004,2026-06-26 11:01:00,119,voice
P010,P009,+91-90000-10010,+91-90000-10009,2026-06-22 11:53:00,642,voice
P005,P001,+91-90000-10005,+91-90000-10001,2026-06-14 22:38:00,89,voice
P005,P027,+91-90000-10005,+91-90000-10027,2026-07-17 22:32:00,246,voice
P027,P043,+91-90000-10027,+91-90000-10043,2026-07-15 14:50:00,892,voice
P007,P009,+91-90000-10007,+91-90000-10009,2026-08-09 23:57:00,45,voice
P006,P001,+91-90000-10006,+91-90000-10001,2026-08-14 08:03:00,408,voice
P006,P007,+91-90000-10006,+91-90000-10007,2026-06-18 19:29:00,205,voice
P001,P003,+91-90000-10001,+91-90000-10003,2026-07-14 07:49:00,409,voice
P008,P007,+91-90000-10008,+91-90000-10007,2026-06-03 18:51:00,71,voice
P003,P006,+91-90000-10003,+91-90000-10006,2026-07-20 00:03:00,850,voice
P004,P002,+91-90000-10004,+91-90000-10002,2026-06-06 17:32:00,92,voice
P004,P006,+91-90000-10004,+91-90000-10006,2026-08-25 04:36:00,763,voice
P003,P025,+91-90000-10003,+91-90000-10025,2026-07-23 22:42:00,486,voice
P002,P006,+91-90000-10002,+91-90000-10006,2026-08-16 20:58:00,57,voice
P005,P001,+91-90000-10005,+91-90000-10001,2026-08-22 10:46:00,24,voice
P008,P006,+91-90000-10008,+91-90000-10006,2026-08-27 01:23:00,86,voice
P007,P008,+91-90000-10007,+91-90000-10008,2026-06-18 15:49:00,85,voice
P020,P034,+91-90000-10020,+91-90000-10034,2026-06-12 21:08:00,365,voice
P036,P009,+91-90000-10036,+91-90000-10009,2026-08-09 22:29:00,145,voice
P005,P006,+91-90000-10005,+91-90000-10006,2026-08-26 20:40:00,755,voice
P018,P030,+91-90000-10018,+91-90000-10030,2026-08-17 12:14:00,165,voice
P011,P017,+91-90000-10011,+91-90000-10017,2026-06-27 04:46:00,689,voice
P007,P009,+91-90000-10007,+91-90000-10009,2026-06-10 18:36:00,20,voice
P002,P001,+91-90000-10002,+91-90000-10001,2026-06-06 05:40:00,296,voice
P010,P008,+91-90000-10010,+91-90000-10008,2026-08-22 17:57:00,101,voice
P009,P006,+91-90000-10009,+91-90000-10006,2026-07-15 09:23:00,367,voice
P046,P007,+91-90000-10046,+91-90000-10007,2026-08-17 17:47:00,402,voice
P006,P008,+91-90000-10006,+91-90000-10008,2026-07-19 06:06:00,826,voice
P006,P002,+91-90000-10006,+91-90000-10002,2026-08-18 13:03:00,788,voice
P045,P014,+91-90000-10045,+91-90000-10014,2026-08-02 03:30:00,298,voice
P012,P032,+91-90000-10012,+91-90000-10032,2026-06-19 02:30:00,361,voice
P025,P017,+91-90000-10025,+91-90000-10017,2026-07-11 03:07:00,899,voice
P016,P033,+91-90000-10016,+91-90000-10033,2026-08-20 03:33:00,518,voice
P005,P002,+91-90000-10005,+91-90000-10002,2026-08-25 15:15:00,737,voice
P002,P001,+91-90000-10002,+91-90000-10001,2026-07-02 04:32:00,641,voice
P028,P050,+91-90000-10028,+91-90000-10050,2026-06-16 03:57:00,696,voice
P004,P006,+91-90000-10004,+91-90000-10006,2026-08-07 19:27:00,126,voice
P023,P045,+91-90000-10023,+91-90000-10045,2026-06-17 05:13:00,785,voice
P003,P004,+91-90000-10003,+91-90000-10004,2026-08-17 12:47:00,219,voice
P009,P008,+91-90000-10009,+91-90000-10008,2026-08-23 17:59:00,498,voice
P004,P001,+91-90000-10004,+91-90000-10001,2026-07-01 23:02:00,505,voice
P003,P004,+91-90000-10003,+91-90000-10004,2026-07-22 11:40:00,441,voice
P034,P039,+91-90000-10034,+91-90000-10039,2026-06-07 02:28:00,773,voice
P018,P022,+91-90000-10018,+91-90000-10022,2026-08-24 22:34:00,75,voice
P004,P002,+91-90000-10004,+91-90000-10002,2026-08-09 23:35:00,216,voice
P009,P006,+91-90000-10009,+91-90000-10006,2026-07-09 16:03:00,242,voice
P025,P036,+91-90000-10025,+91-90000-10036,2026-08-21 17:03:00,773,voice
P045,P038,+91-90000-10045,+91-90000-10038,2026-08-15 09:00:00,489,voice
P004,P006,+91-90000-10004,+91-90000-10006,2026-08-04 23:48:00,834,voice
P007,P010,+91-90000-10007,+91-90000-10010,2026-06-01 04:21:00,520,voice
P008,P009,+91-90000-10008,+91-90000-10009,2026-06-24 10:23:00,466,voice
P008,P006,+91-90000-10008,+91-90000-10006,2026-06-21 22:50:00,24,voice
P010,P006,+91-90000-10010,+91-90000-10006,2026-07-03 17:41:00,532,voice
P003,P006,+91-90000-10003,+91-90000-10006,2026-07-09 02:40:00,734,voice
P008,P009,+91-90000-10008,+91-90000-10009,2026-08-15 11:46:00,61,voice
P022,P027,+91-90000-10022,+91-90000-10027,2026-07-25 04:50:00,92,voice
P006,P003,+91-90000-10006,+91-90000-10003,2026-08-19 21:32:00,38,voice
P006,P008,+91-90000-10006,+91-90000-10008,2026-07-11 00:39:00,612,voice
P002,P005,+91-90000-10002,+91-90000-10005,2026-07-27 22:31:00,55,voice
P033,P013,+91-90000-10033,+91-90000-10013,2026-08-14 18:01:00,296,voice
P003,P002,+91-90000-10003,+91-90000-10002,2026-06-17 16:23:00,253,voice
P004,P002,+91-90000-10004,+91-90000-10002,2026-07-03 10:22:00,241,voice
P002,P005,+91-90000-10002,+91-90000-10005,2026-06-24 14:12:00,221,voice
P003,P005,+91-90000-10003,+91-90000-10005,2026-06-02 19:50:00,509,voice
P002,P006,+91-90000-10002,+91-90000-10006,2026-07-26 07:08:00,626,voice
P003,P001,+91-90000-10003,+91-90000-10001,2026-06-01 20:35:00,258,voice
P010,P008,+91-90000-10010,+91-90000-10008,2026-07-16 09:18:00,332,voice
P022,P010,+91-90000-10022,+91-90000-10010,2026-07-18 12:47:00,309,voice
P047,P044,+91-90000-10047,+91-90000-10044,2026-06-12 22:37:00,886,voice
P002,P006,+91-90000-10002,+91-90000-10006,2026-08-07 07:33:00,770,voice
P001,P003,+91-90000-10001,+91-90000-10003,2026-08-04 00:04:00,423,voice
P010,P007,+91-90000-10010,+91-90000-10007,2026-06-24 00:02:00,105,voice
P003,P004,+91-90000-10003,+91-90000-10004,2026-08-23 16:22:00,383,voice
P025,P049,+91-90000-10025,+91-90000-10049,2026-08-21 19:41:00,147,voice
P009,P006,+91-90000-10009,+91-90000-10006,2026-08-24 09:06:00,599,voice
P005,P006,+91-90000-10005,+91-90000-10006,2026-07-07 18:16:00,773,voice
P032,P035,+91-90000-10032,+91-90000-10035,2026-08-19 14:18:00,241,voice
P013,P045,+91-90000-10013,+91-90000-10045,2026-07-04 10:13:00,560,voice
P006,P002,+91-90000-10006,+91-90000-10002,2026-08-21 22:28:00,77,voice
P010,P033,+91-90000-10010,+91-90000-10033,2026-08-11 02:53:00,288,voice
P050,P041,+91-90000-10050,+91-90000-10041,2026-08-03 22:31:00,848,voice
P022,P014,+91-90000-10022,+91-90000-10014,2026-06-20 12:46:00,203,voice
P018,P007,+91-90000-10018,+91-90000-10007,2026-07-06 19:27:00,303,voice
P006,P007,+91-90000-10006,+91-90000-10007,2026-08-09 19:46:00,732,voice
P010,P008,+91-90000-10010,+91-90000-10008,2026-08-11 14:13:00,700,voice
P008,P010,+91-90000-10008,+91-90000-10010,2026-08-15 16:55:00,709,voice
P003,P036,+91-90000-10003,+91-90000-10036,2026-06-09 12:12:00,572,voice
P014,P008,+91-90000-10014,+91-90000-10008,2026-07-25 11:08:00,279,voice
P009,P010,+91-90000-10009,+91-90000-10010,2026-08-01 02:54:00,289,voice
P005,P003,+91-90000-10005,+91-90000-10003,2026-07-22 17:55:00,598,voice
P010,P006,+91-90000-10010,+91-90000-10006,2026-07-20 05:21:00,405,voice
P002,P021,+91-90000-10002,+91-90000-10021,2026-06-21 16:30:00,106,voice
P002,P006,+91-90000-10002,+91-90000-10006,2026-08-22 02:40:00,853,voice
P015,P005,+91-90000-10015,+91-90000-10005,2026-07-10 11:56:00,577,voice
P006,P010,+91-90000-10006,+91-90000-10010,2026-08-05 22:05:00,855,voice
P045,P010,+91-90000-10045,+91-90000-10010,2026-08-01 09:15:00,861,voice
P007,P008,+91-90000-10007,+91-90000-10008,2026-08-16 05:25:00,893,voice
P009,P007,+91-90000-10009,+91-90000-10007,2026-07-21 17:55:00,470,voice
P007,P006,+91-90000-10007,+91-90000-10006,2026-06-05 08:26:00,53,voice
P010,P006,+91-90000-10010,+91-90000-10006,2026-07-27 18:51:00,352,voice
P005,P001,+91-90000-10005,+91-90000-10001,2026-08-15 15:12:00,442,voice
P009,P006,+91-90000-10009,+91-90000-10006,2026-07-25 05:35:00,439,voice
P006,P001,+91-90000-10006,+91-90000-10001,2026-06-08 07:18:00,148,voice
P014,P040,+91-90000-10014,+91-90000-10040,2026-07-09 14:29:00,448,voice
P008,P018,+91-90000-10008,+91-90000-10018,2026-07-09 20:56:00,384,voice
P044,P026,+91-90000-10044,+91-90000-10026,2026-08-27 18:10:00,171,voice
P032,P004,+91-90000-10032,+91-90000-10004,2026-06-02 05:02:00,789,voice
P004,P038,+91-90000-10004,+91-90000-10038,2026-07-21 00:18:00,884,voice
P001,P006,+91-90000-10001,+91-90000-10006,2026-06-15 04:24:00,722,voice
P006,P010,+91-90000-10006,+91-90000-10010,2026-06-16 15:11:00,276,voice
P001,P002,+91-90000-10001,+91-90000-10002,2026-08-25 22:53:00,545,voice
P002,P003,+91-90000-10002,+91-90000-10003,2026-08-21 03:40:00,778,voice
P007,P009,+91-90000-10007,+91-90000-10009,2026-07-12 12:35:00,606,voice
P010,P008,+91-90000-10010,+91-90000-10008,2026-07-06 03:26:00,534,voice
P004,P001,+91-90000-10004,+91-90000-10001,2026-06-21 20:23:00,62,voice
P004,P002,+91-90000-10004,+91-90000-10002,2026-08-05 03:21:00,176,voice
P002,P016,+91-90000-10002,+91-90000-10016,2026-06-07 12:52:00,882,voice
P006,P010,+91-90000-10006,+91-90000-10010,2026-08-14 23:08:00,191,voice
P003,P004,+91-90000-10003,+91-90000-10004,2026-08-05 09:27:00,35,voice
P005,P003,+91-90000-10005,+91-90000-10003,2026-06-08 04:28:00,496,voice
P004,P005,+91-90000-10004,+91-90000-10005,2026-08-13 18:16:00,148,voice
P007,P006,+91-90000-10007,+91-90000-10006,2026-06-20 00:29:00,588,voice
P009,P012,+91-90000-10009,+91-90000-10012,2026-06-14 13:17:00,654,voice
P019,P007,+91-90000-10019,+91-90000-10007,2026-08-22 13:41:00,174,voice
P041,P005,+91-90000-10041,+91-90000-10005,2026-06-11 00:45:00,233,voice
P009,P010,+91-90000-10009,+91-90000-10010,2026-06-26 13:06:00,289,voice
P016,P041,+91-90000-10016,+91-90000-10041,2026-07-14 22:12:00,278,voice
P004,P005,+91-90000-10004,+91-90000-10005,2026-08-14 20:34:00,39,voice
P007,P008,+91-90000-10007,+91-90000-10008,2026-07-04 17:33:00,95,voice
P004,P003,+91-90000-10004,+91-90000-10003,2026-06-07 03:18:00,102,voice
P008,P010,+91-90000-10008,+91-90000-10010,2026-08-20 05:20:00,80,voice
P003,P006,+91-90000-10003,+91-90000-10006,2026-06-07 16:17:00,24,voice
P050,P030,+91-90000-10050,+91-90000-10030,2026-07-18 01:20:00,435,voice
P007,P047,+91-90000-10007,+91-90000-10047,2026-08-27 05:59:00,497,voice
P002,P042,+91-90000-10002,+91-90000-10042,2026-07-23 04:58:00,144,voice
P020,P042,+91-90000-10020,+91-90000-10042,2026-08-01 05:13:00,208,voice
P006,P002,+91-90000-10006,+91-90000-10002,2026-08-07 08:51:00,300,voice
P049,P024,+91-90000-10049,+91-90000-10024,2026-08-17 03:23:00,376,voice
P010,P026,+91-90000-10010,+91-90000-10026,2026-08-24 10:00:00,669,voice
P007,P009,+91-90000-10007,+91-90000-10009,2026-08-27 18:06:00,112,voice
P019,P011,+91-90000-10019,+91-90000-10011,2026-07-05 14:00:00,672,voice
P001,P004,+91-90000-10001,+91-90000-10004,2026-07-19 07:26:00,811,voice
P006,P005,+91-90000-10006,+91-90000-10005,2026-08-12 17:41:00,186,voice
P008,P003,+91-90000-10008,+91-90000-10003,2026-07-08 21:28:00,662,voice
P009,P006,+91-90000-10009,+91-90000-10006,2026-08-17 13:41:00,886,voice
P006,P005,+91-90000-10006,+91-90000-10005,2026-06-08 09:38:00,897,voice
P004,P006,+91-90000-10004,+91-90000-10006,2026-08-18 07:32:00,546,voice
P010,P009,+91-90000-10010,+91-90000-10009,2026-08-15 14:27:00,75,voice
P042,P036,+91-90000-10042,+91-90000-10036,2026-08-22 09:58:00,182,voice
P002,P005,+91-90000-10002,+91-90000-10005,2026-07-16 00:05:00,808,voice
P010,P009,+91-90000-10010,+91-90000-10009,2026-06-11 03:10:00,710,voice
P036,P050,+91-90000-10036,+91-90000-10050,2026-06-26 16:19:00,546,voice
P001,P004,+91-90000-10001,+91-90000-10004,2026-08-02 01:31:00,329,voice
P005,P004,+91-90000-10005,+91-90000-10004,2026-08-08 07:48:00,97,voice
P002,P004,+91-90000-10002,+91-90000-10004,2026-07-04 20:02:00,184,voice
P007,P046,+91-90000-10007,+91-90000-10046,2026-07-05 00:48:00,182,voice
P006,P008,+91-90000-10006,+91-90000-10008,2026-06-11 18:45:00,702,voice
P010,P006,+91-90000-10010,+91-90000-10006,2026-07-17 04:54:00,564,voice
P043,P040,+91-90000-10043,+91-90000-10040,2026-06-05 19:20:00,700,voice
P009,P008,+91-90000-10009,+91-90000-10008,2026-07-01 15:36:00,639,voice
P009,P008,+91-90000-10009,+91-90000-10008,2026-06-19 03:04:00,278,voice
P018,P001,+91-90000-10018,+91-90000-10001,2026-08-14 08:17:00,867,voice
P017,P035,+91-90000-10017,+91-90000-10035,2026-07-23 05:47:00,164,voice
P006,P008,+91-90000-10006,+91-90000-10008,2026-07-25 16:49:00,330,voice
P009,P008,+91-90000-10009,+91-90000-10008,2026-06-04 02:49:00,78,voice
P007,P008,+91-90000-10007,+91-90000-10008,2026-08-08 10:19:00,278,voice
P006,P007,+91-90000-10006,+91-90000-10007,2026-08-08 01:45:00,262,voice
P014,P030,+91-90000-10014,+91-90000-10030,2026-07-04 14:19:00,91,voice
P008,P010,+91-90000-10008,+91-90000-10010,2026-08-22 16:55:00,94,voice
P049,P018,+91-90000-10049,+91-90000-10018,2026-08-07 10:09:00,391,voice
P003,P004,+91-90000-10003,+91-90000-10004,2026-08-15 11:23:00,783,voice
P039,P001,+91-90000-10039,+91-90000-10001,2026-08-23 18:51:00,306,voice
P010,P009,+91-90000-10010,+91-90000-10009,2026-08-15 03:59:00,781,voice
P033,P017,+91-90000-10033,+91-90000-10017,2026-08-08 14:13:00,178,voice
P004,P003,+91-90000-10004,+91-90000-10003,2026-08-22 14:42:00,846,voice
P001,P004,+91-90000-10001,+91-90000-10004,2026-06-24 21:22:00,105,voice
P006,P005,+91-90000-10006,+91-90000-10005,2026-07-20 16:24:00,837,voice
P006,P010,+91-90000-10006,+91-90000-10010,2026-08-25 07:36:00,762,voice
P017,P006,+91-90000-10017,+91-90000-10006,2026-07-15 04:49:00,76,voice
P005,P001,+91-90000-10005,+91-90000-10001,2026-08-26 06:43:00,757,voice
P009,P008,+91-90000-10009,+91-90000-10008,2026-07-11 09:12:00,349,voice
P004,P002,+91-90000-10004,+91-90000-10002,2026-07-07 19:46:00,829,voice
P001,P004,+91-90000-10001,+91-90000-10004,2026-08-21 17:29:00,529,voice
P002,P004,+91-90000-10002,+91-90000-10004,2026-07-01 11:46:00,628,voice
P003,P002,+91-90000-10003,+91-90000-10002,2026-07-12 00:35:00,141,voice
P010,P006,+91-90000-10010,+91-90000-10006,2026-07-27 06:41:00,894,voice
P008,P007,+91-90000-10008,+91-90000-10007,2026-06-17 11:27:00,424,voice
P003,P002,+91-90000-10003,+91-90000-10002,2026-07-01 00:11:00,589,voice
P020,P034,+91-90000-10020,+91-90000-10034,2026-08-02 15:14:00,476,voice
P016,P025,+91-90000-10016,+91-90000-10025,2026-06-01 18:00:00,84,voice
P006,P003,+91-90000-10006,+91-90000-10003,2026-06-01 08:30:00,391,voice
P006,P002,+91-90000-10006,+91-90000-10002,2026-07-13 17:09:00,56,voice
P007,P008,+91-90000-10007,+91-90000-10008,2026-06-02 09:23:00,657,voice
P006,P004,+91-90000-10006,+91-90000-10004,2026-07-27 12:22:00,94,voice
P004,P005,+91-90000-10004,+91-90000-10005,2026-08-09 02:56:00,242,voice
P007,P006,+91-90000-10007,+91-90000-10006,2026-07-17 10:45:00,204,voice
P002,P001,+91-90000-10002,+91-90000-10001,2026-07-20 01:35:00,78,voice
P009,P007,+91-90000-10009,+91-90000-10007,2026-06-14 14:59:00,372,voice
P007,P009,+91-90000-10007,+91-90000-10009,2026-06-26 18:49:00,154,voice
P002,P006,+91-90000-10002,+91-90000-10006,2026-08-10 00:56:00,499,voice
P025,P030,+91-90000-10025,+91-90000-10030,2026-08-23 06:56:00,214,voice
P002,P006,+91-90000-10002,+91-90000-10006,2026-08-27 17:44:00,690,voice
P008,P010,+91-90000-10008,+91-90000-10010,2026-07-22 15:20:00,818,voice
P030,P003,+91-90000-10030,+91-90000-10003,2026-07-11 06:29:00,551,voice
P001,P003,+91-90000-10001,+91-90000-10003,2026-06-20 10:23:00,711,voice
P001,P005,+91-90000-10001,+91-90000-10005,2026-08-20 05:01:00,894,voice
P008,P010,+91-90000-10008,+91-90000-10010,2026-06-04 09:54:00,199,voice
P007,P006,+91-90000-10007,+91-90000-10006,2026-08-10 06:54:00,185,voice
P015,P020,+91-90000-10015,+91-90000-10020,2026-07-23 01:19:00,565,voice
P004,P003,+91-90000-10004,+91-90000-10003,2026-07-10 04:56:00,286,voice
P008,P009,+91-90000-10008,+91-90000-10009,2026-08-06 13:32:00,184,voice
P047,P007,+91-90000-10047,+91-90000-10007,2026-06-08 22:01:00,700,voice
P006,P008,+91-90000-10006,+91-90000-10008,2026-06-01 12:41:00,509,voice
P003,P004,+91-90000-10003,+91-90000-10004,2026-08-02 03:55:00,877,voice
P008,P006,+91-90000-10008,+91-90000-10006,2026-06-26 12:31:00,432,voice
P006,P010,+91-90000-10006,+91-90000-10010,2026-08-18 10:09:00,376,voice
P042,P043,+91-90000-10042,+91-90000-10043,2026-08-13 16:51:00,889,voice
P010,P006,+91-90000-10010,+91-90000-10006,2026-08-09 00:54:00,247,voice
P010,P006,+91-90000-10010,+91-90000-10006,2026-07-27 19:27:00,812,voice
P002,P004,+91-90000-10002,+91-90000-10004,2026-07-02 09:13:00,426,voice
P006,P009,+91-90000-10006,+91-90000-10009,2026-08-19 22:40:00,153,voice
P001,P004,+91-90000-10001,+91-90000-10004,2026-08-03 01:58:00,719,voice
P006,P003,+91-90000-10006,+91-90000-10003,2026-08-09 12:11:00,697,voice
P008,P007,+91-90000-10008,+91-90000-10007,2026-06-18 15:58:00,673,voice
P002,P003,+91-90000-10002,+91-90000-10003,2026-06-20 05:10:00,580,voice
P003,P001,+91-90000-10003,+91-90000-10001,2026-07-13 01:32:00,844,voice
P004,P034,+91-90000-10004,+91-90000-10034,2026-07-25 14:11:00,485,voice
P022,P004,+91-90000-10022,+91-90000-10004,2026-08-10 01:11:00,350,voice
P017,P044,+91-90000-10017,+91-90000-10044,2026-07-05 04:36:00,449,voice
P006,P009,+91-90000-10006,+91-90000-10009,2026-06-03 02:18:00,790,voice
P008,P010,+91-90000-10008,+91-90000-10010,2026-07-14 13:31:00,688,voice
P040,P006,+91-90000-10040,+91-90000-10006,2026-08-21 22:48:00,760,voice
P029,P046,+91-90000-10029,+91-90000-10046,2026-07-01 17:13:00,842,voice
P026,P041,+91-90000-10026,+91-90000-10041,2026-06-11 10:12:00,566,voice
P015,P009,+91-90000-10015,+91-90000-10009,2026-07-23 03:42:00,405,voice
P003,P005,+91-90000-10003,+91-90000-10005,2026-08-22 21:38:00,48,voice
P008,P006,+91-90000-10008,+91-90000-10006,2026-08-27 02:23:00,885,voice
P006,P007,+91-90000-10006,+91-90000-10007,2026-08-10 10:47:00,625,voice
P010,P006,+91-90000-10010,+91-90000-10006,2026-07-19 10:03:00,351,voice
P025,P009,+91-90000-10025,+91-90000-10009,2026-06-24 07:04:00,600,voice
P002,P006,+91-90000-10002,+91-90000-10006,2026-08-14 01:43:00,873,voice
P008,P007,+91-90000-10008,+91-90000-10007,2026-07-27 08:00:00,698,voice
P010,P006,+91-90000-10010,+91-90000-10006,2026-08-17 01:55:00,484,voice
P005,P003,+91-90000-10005,+91-90000-10003,2026-08-22 10:26:00,820,voice
P003,P006,+91-90000-10003,+91-90000-10006,2026-06-19 08:22:00,744,voice
P001,P006,+91-90000-10001,+91-90000-10006,2026-07-05 05:25:00,207,voice
P008,P007,+91-90000-10008,+91-90000-10007,2026-06-12 21:30:00,222,voice
P028,P041,+91-90000-10028,+91-90000-10041,2026-07-18 10:49:00,887,voice
P024,P025,+91-90000-10024,+91-90000-10025,2026-06-15 16:50:00,86,voice
P045,P034,+91-90000-10045,+91-90000-10034,2026-08-15 23:48:00,637,voice
P043,P024,+91-90000-10043,+91-90000-10024,2026-08-13 23:11:00,466,voice
P010,P008,+91-90000-10010,+91-90000-10008,2026-06-27 02:52:00,247,voice
P002,P003,+91-90000-10002,+91-90000-10003,2026-06-19 02:12:00,540,voice
P006,P003,+91-90000-10006,+91-90000-10003,2026-08-17 09:52:00,510,voice
P005,P004,+91-90000-10005,+91-90000-10004,2026-08-22 18:03:00,219,voice
P044,P009,+91-90000-10044,+91-90000-10009,2026-07-24 18:51:00,220,voice
P006,P010,+91-90000-10006,+91-90000-10010,2026-07-26 16:49:00,635,voice
P043,P045,+91-90000-10043,+91-90000-10045,2026-06-17 08:51:00,753,voice
P002,P003,+91-90000-10002,+91-90000-10003,2026-08-21 05:50:00,55,voice
P002,P005,+91-90000-10002,+91-90000-10005,2026-07-09 11:05:00,148,voice
P007,P006,+91-90000-10007,+91-90000-10006,2026-08-02 19:01:00,200,voice
P001,P004,+91-90000-10001,+91-90000-10004,2026-06-03 09:52:00,44,voice
P047,P033,+91-90000-10047,+91-90000-10033,2026-07-26 06:03:00,716,voice
P001,P005,+91-90000-10001,+91-90000-10005,2026-07-02 21:45:00,91,voice
P034,P017,+91-90000-10034,+91-90000-10017,2026-06-24 23:22:00,278,voice
P007,P010,+91-90000-10007,+91-90000-10010,2026-07-15 18:36:00,778,voice
P001,P007,+91-90000-10001,+91-90000-10007,2026-07-25 04:47:00,280,voice
P007,P006,+91-90000-10007,+91-90000-10006,2026-06-26 03:37:00,514,voice
P003,P006,+91-90000-10003,+91-90000-10006,2026-07-17 21:55:00,798,voice
P007,P009,+91-90000-10007,+91-90000-10009,2026-08-23 10:49:00,515,voice
P011,P017,+91-90000-10011,+91-90000-10017,2026-07-02 10:03:00,459,voice
P008,P009,+91-90000-10008,+91-90000-10009,2026-08-01 18:46:00,195,voice
P032,P031,+91-90000-10032,+91-90000-10031,2026-06-14 03:21:00,656,voice
P007,P008,+91-90000-10007,+91-90000-10008,2026-08-15 16:00:00,500,voice
P007,P009,+91-90000-10007,+91-90000-10009,2026-06-14 19:36:00,160,voice
P005,P004,+91-90000-10005,+91-90000-10004,2026-06-23 08:02:00,715,voice
P003,P001,+91-90000-10003,+91-90000-10001,2026-06-07 11:58:00,848,voice
P002,P022,+91-90000-10002,+91-90000-10022,2026-06-06 19:44:00,355,voice
P001,P006,+91-90000-10001,+91-90000-10006,2026-08-22 17:46:00,120,voice
P003,P005,+91-90000-10003,+91-90000-10005,2026-06-24 18:04:00,275,voice
P003,P002,+91-90000-10003,+91-90000-10002,2026-06-09 22:29:00,897,voice
P004,P005,+91-90000-10004,+91-90000-10005,2026-08-08 06:58:00,55,voice
P003,P006,+91-90000-10003,+91-90000-10006,2026-08-20 19:47:00,824,voice
P010,P008,+91-90000-10010,+91-90000-10008,2026-07-25 13:13:00,322,voice
P008,P006,+91-90000-10008,+91-90000-10006,2026-07-13 04:57:00,328,voice
P018,P035,+91-90000-10018,+91-90000-10035,2026-06-17 03:55:00,711,voice
P003,P005,+91-90000-10003,+91-90000-10005,2026-08-21 20:41:00,415,voice
P045,P032,+91-90000-10045,+91-90000-10032,2026-07-26 08:04:00,133,voice
P006,P009,+91-90000-10006,+91-90000-10009,2026-07-16 13:13:00,249,voice
P010,P007,+91-90000-10010,+91-90000-10007,2026-06-25 05:40:00,172,voice
P003,P005,+91-90000-10003,+91-90000-10005,2026-08-17 00:12:00,24,voice
P009,P010,+91-90000-10009,+91-90000-10010,2026-08-17 15:39:00,328,voice
P049,P037,+91-90000-10049,+91-90000-10037,2026-08-05 05:09:00,646,voice
P010,P006,+91-90000-10010,+91-90000-10006,2026-08-04 15:02:00,227,voice
P047,P037,+91-90000-10047,+91-90000-10037,2026-08-04 11:09:00,866,voice
P012,P026,+91-90000-10012,+91-90000-10026,2026-07-06 03:40:00,88,voice
P007,P010,+91-90000-10007,+91-90000-10010,2026-08-27 16:39:00,502,voice
P005,P006,+91-90000-10005,+91-90000-10006,2026-07-24 19:41:00,142,voice
P025,P037,+91-90000-10025,+91-90000-10037,2026-08-27 22:58:00,667,voice
P005,P001,+91-90000-10005,+91-90000-10001,2026-07-14 05:02:00,232,voice
P005,P004,+91-90000-10005,+91-90000-10004,2026-06-12 20:52:00,488,voice
P007,P043,+91-90000-10007,+91-90000-10043,2026-07-13 10:55:00,169,voice
P001,P002,+91-90000-10001,+91-90000-10002,2026-06-12 12:54:00,507,voice
P039,P024,+91-90000-10039,+91-90000-10024,2026-06-25 22:10:00,37,voice
P010,P008,+91-90000-10010,+91-90000-10008,2026-06-15 01:28:00,475,voice
P004,P006,+91-90000-10004,+91-90000-10006,2026-07-03 12:34:00,606,voice
P043,P045,+91-90000-10043,+91-90000-10045,2026-08-24 08:00:00,20,voice
P003,P004,+91-90000-10003,+91-90000-10004,2026-07-04 13:00:00,125,voice
P001,P005,+91-90000-10001,+91-90000-10005,2026-07-03 16:32:00,423,voice
P048,P029,+91-90000-10048,+91-90000-10029,2026-07-04 04:24:00,324,voice
P005,P002,+91-90000-10005,+91-90000-10002,2026-07-01 19:51:00,354,voice
P004,P002,+91-90000-10004,+91-90000-10002,2026-06-12 21:36:00,721,voice
P011,P033,+91-90000-10011,+91-90000-10033,2026-08-17 13:20:00,130,voice
P010,P009,+91-90000-10010,+91-90000-10009,2026-06-16 01:59:00,690,voice
P030,P021,+91-90000-10030,+91-90000-10021,2026-06-22 10:00:00,338,voice
P009,P010,+91-90000-10009,+91-90000-10010,2026-07-12 18:35:00,332,voice
P006,P004,+91-90000-10006,+91-90000-10004,2026-07-26 02:01:00,302,voice
P047,P026,+91-90000-10047,+91-90000-10026,2026-06-24 06:03:00,298,voice
P010,P008,+91-90000-10010,+91-90000-10008,2026-07-05 19:52:00,585,voice
P011,P009,+91-90000-10011,+91-90000-10009,2026-08-26 18:38:00,341,voice
P050,P027,+91-90000-10050,+91-90000-10027,2026-08-09 23:17:00,486,voice
P010,P006,+91-90000-10010,+91-90000-10006,2026-07-08 12:08:00,587,voice
P010,P006,+91-90000-10010,+91-90000-10006,2026-08-09 19:28:00,410,voice
P004,P003,+91-90000-10004,+91-90000-10003,2026-06-11 02:27:00,27,voice
P005,P004,+91-90000-10005,+91-90000-10004,2026-08-19 13:10:00,861,voice
P003,P002,+91-90000-10003,+91-90000-10002,2026-08-03 10:35:00,715,voice
P004,P002,+91-90000-10004,+91-90000-10002,2026-07-22 09:09:00,97,voice
P003,P005,+91-90000-10003,+91-90000-10005,2026-06-27 18:53:00,827,voice
P008,P032,+91-90000-10008,+91-90000-10032,2026-07-20 11:27:00,49,voice
P021,P005,+91-90000-10021,+91-90000-10005,2026-07-09 01:32:00,546,voice
P005,P004,+91-90000-10005,+91-90000-10004,2026-08-19 16:05:00,18,voice
P006,P004,+91-90000-10006,+91-90000-10004,2026-06-27 10:15:00,473,voice
P037,P001,+91-90000-10037,+91-90000-10001,2026-06-16 21:09:00,375,voice
P009,P008,+91-90000-10009,+91-90000-10008,2026-08-18 08:35:00,244,voice
P008,P010,+91-90000-10008,+91-90000-10010,2026-08-22 20:20:00,534,voice
P023,P050,+91-90000-10023,+91-90000-10050,2026-08-15 03:26:00,693,voice
P009,P007,+91-90000-10009,+91-90000-10007,2026-07-25 06:48:00,744,voice
P009,P006,+91-90000-10009,+91-90000-10006,2026-07-22 16:54:00,64,voice
P002,P003,+91-90000-10002,+91-90000-10003,2026-08-10 16:14:00,54,voice
P019,P021,+91-90000-10019,+91-90000-10021,2026-06-05 18:18:00,885,voice
P001,P006,+91-90000-10001,+91-90000-10006,2026-07-27 21:48:00,786,voice
P008,P007,+91-90000-10008,+91-90000-10007,2026-06-04 19:27:00,93,voice
P003,P004,+91-90000-10003,+91-90000-10004,2026-08-19 15:30:00,761,voice
P002,P004,+91-90000-10002,+91-90000-10004,2026-08-18 01:39:00,777,voice
P006,P009,+91-90000-10006,+91-90000-10009,2026-08-04 23:08:00,44,voice
P015,P017,+91-90000-10015,+91-90000-10017,2026-07-13 05:04:00,793,voice
P001,P025,+91-90000-10001,+91-90000-10025,2026-06-06 02:03:00,96,voice
P016,P001,+91-90000-10016,+91-90000-10001,2026-07-19 05:24:00,439,voice
P026,P050,+91-90000-10026,+91-90000-10050,2026-07-09 15:05:00,845,voice
P033,P008,+91-90000-10033,+91-90000-10008,2026-08-17 15:15:00,194,voice
P003,P006,+91-90000-10003,+91-90000-10006,2026-08-08 09:47:00,249,voice
P006,P005,+91-90000-10006,+91-90000-10005,2026-07-26 05:24:00,224,voice
P005,P002,+91-90000-10005,+91-90000-10002,2026-06-17 05:34:00,314,voice
P024,P019,+91-90000-10024,+91-90000-10019,2026-06-21 02:04:00,459,voice
P010,P007,+91-90000-10010,+91-90000-10007,2026-06-21 22:27:00,302,voice
P005,P006,+91-90000-10005,+91-90000-10006,2026-08-03 05:31:00,352,voice
P047,P012,+91-90000-10047,+91-90000-10012,2026-06-11 12:03:00,688,voice
P008,P006,+91-90000-10008,+91-90000-10006,2026-07-02 11:37:00,17,voice
P002,P006,+91-90000-10002,+91-90000-10006,2026-08-22 05:57:00,887,voice
P005,P006,+91-90000-10005,+91-90000-10006,2026-07-02 22:01:00,412,voice
P006,P008,+91-90000-10006,+91-90000-10008,2026-07-05 17:51:00,178,voice
P006,P003,+91-90000-10006,+91-90000-10003,2026-06-03 22:45:00,555,voice
